status_bucket,num_goals,language,avg_goal_difficulty,nav_hours,poverty_hours,total_hours_lost,lifetime_hours,lifetime_days
citizen,2,en,11.5,9.6,259.7,269.3,5386.0,673.2
permanent_resident,5,en,12.0,19.1,326.3,345.4,6908.0,863.5
permanent_resident,1,es,7.0,20.2,515.9,536.1,10722.0,1340.2
undocumented,1,es,12.0,34.8,1032.7,1067.5,21350.0,2668.8
permanent_resident,1,en,9.0,16.4,350.8,367.2,7344.0,918.0
undocumented,3,es,11.67,35.5,1067.0,1102.5,22050.0,2756.2
DACA,3,es,11.67,40.0,761.9,801.9,16038.0,2004.8
citizen,2,en,13.0,23.2,246.1,269.3,5386.0,673.2
undocumented,1,en,7.0,14.9,754.7,769.6,15392.0,1924.0
permanent_resident,3,es,10.0,18.3,479.7,498.0,9960.0,1245.0
undocumented,2,en,8.0,35.7,753.7,789.4,15788.0,1973.5
DACA,4,en,10.5,20.7,534.8,555.5,11110.0,1388.8
citizen,2,en,13.5,14.3,265.0,279.3,5586.0,698.2
undocumented,4,en,13.25,30.7,727.1,757.8,15156.0,1894.5
citizen,1,es,18.0,27.1,400.4,427.5,8550.0,1068.8
DACA,3,es,10.0,33.4,700.6,734.0,14680.0,1835.0
DACA,1,en,9.0,14.9,511.0,525.9,10518.0,1314.8
DACA,3,en,11.0,19.9,545.3,565.2,11304.0,1413.0
undocumented,1,en,7.0,11.4,766.6,778.0,15560.0,1945.0
citizen,5,es,12.0,22.5,375.0,397.5,7950.0,993.8
citizen,3,en,10.0,1.0,269.8,270.8,5416.0,677.0
citizen,3,en,13.67,11.5,260.5,272.0,5440.0,680.0
citizen,1,es,9.0,16.2,365.3,381.5,7630.0,953.8
undocumented,1,en,9.0,5.4,717.6,723.0,14460.0,1807.5
DACA,3,en,11.67,14.5,555.0,569.5,11390.0,1423.8
undocumented,2,en,8.0,17.6,717.1,734.7,14694.0,1836.8
undocumented,1,en,9.0,26.1,755.3,781.4,15628.0,1953.5
citizen,2,es,15.0,19.8,374.8,394.6,7892.0,986.5
undocumented,2,en,8.0,14.4,743.0,757.4,15148.0,1893.5
citizen,3,es,13.67,24.3,377.9,402.2,8044.0,1005.5
DACA,3,es,11.0,32.5,708.4,740.9,14818.0,1852.2
DACA,2,en,11.5,22.4,498.4,520.8,10416.0,1302.0
permanent_resident,2,es,9.5,24.0,530.4,554.4,11088.0,1386.0
undocumented,2,es,16.0,50.7,1004.3,1055.0,21100.0,2637.5
permanent_resident,3,es,9.33,18.8,453.5,472.3,9446.0,1180.8
DACA,3,es,10.0,27.1,713.8,740.9,14818.0,1852.2
DACA,1,en,18.0,27.5,518.2,545.7,10914.0,1364.2
undocumented,1,es,14.0,38.0,1035.8,1073.8,21476.0,2684.5
permanent_resident,1,es,9.0,17.0,514.8,531.8,10636.0,1329.5
DACA,1,en,14.0,28.5,546.9,575.4,11508.0,1438.5
DACA,3,en,13.67,16.5,509.7,526.2,10524.0,1315.5
permanent_resident,5,en,12.0,20.9,344.7,365.6,7312.0,914.0
undocumented,4,es,11.5,37.0,1033.0,1070.0,21400.0,2675.0
undocumented,1,es,12.0,37.4,1000.0,1037.4,20748.0,2593.5
DACA,1,es,12.0,29.0,687.7,716.7,14334.0,1791.8
permanent_resident,3,es,12.33,21.3,501.2,522.5,10450.0,1306.2
undocumented,3,es,13.0,40.6,1033.2,1073.8,21476.0,2684.5
citizen,1,en,18.0,24.4,245.3,269.7,5394.0,674.2
permanent_resident,1,es,12.0,21.4,495.6,517.0,10340.0,1292.5
DACA,1,en,18.0,34.4,472.3,506.7,10134.0,1266.8
citizen,2,en,16.0,19.5,265.3,284.8,5696.0,712.0
undocumented,5,en,12.0,29.4,768.4,797.8,15956.0,1994.5
citizen,1,es,7.0,19.8,369.8,389.6,7792.0,974.0
citizen,4,en,13.25,14.3,263.6,277.9,5558.0,694.8
undocumented,2,es,10.5,35.8,1000.5,1036.3,20726.0,2590.8
undocumented,1,es,7.0,24.5,1045.0,1069.5,21390.0,2673.8
undocumented,2,en,16.0,40.6,729.3,769.9,15398.0,1924.8
undocumented,3,es,13.67,40.9,1020.1,1061.0,21220.0,2652.5
DACA,2,en,11.5,19.4,498.8,518.2,10364.0,1295.5
undocumented,1,en,14.0,34.7,832.7,867.4,17348.0,2168.5
citizen,2,en,10.5,11.0,265.8,276.8,5536.0,692.0
undocumented,4,es,11.5,35.4,1098.1,1133.5,22670.0,2833.8
undocumented,4,en,10.5,28.4,751.6,780.0,15600.0,1950.0
undocumented,1,es,12.0,33.8,1031.1,1064.9,21298.0,2662.2
permanent_resident,1,en,9.0,10.9,349.7,360.6,7212.0,901.5
permanent_resident,3,es,14.67,17.2,503.3,520.5,10410.0,1301.2
DACA,1,es,9.0,26.1,704.3,730.4,14608.0,1826.0
citizen,4,en,11.5,14.2,277.1,291.3,5826.0,728.2
undocumented,2,en,15.0,37.3,744.0,781.3,15626.0,1953.2
citizen,2,en,8.0,7.6,250.7,258.3,5166.0,645.8
citizen,1,es,18.0,29.9,405.8,435.7,8714.0,1089.2
DACA,1,en,14.0,23.1,521.0,544.1,10882.0,1360.2
undocumented,1,en,9.0,19.5,728.9,748.4,14968.0,1871.0
DACA,3,es,12.33,38.9,697.4,736.3,14726.0,1840.8
DACA,1,es,18.0,39.6,735.6,775.2,15504.0,1938.0
undocumented,3,es,9.33,30.1,1057.4,1087.5,21750.0,2718.8
undocumented,3,es,11.0,29.8,1044.6,1074.4,21488.0,2686.0
undocumented,5,en,12.0,29.0,762.4,791.4,15828.0,1978.5
DACA,1,es,7.0,19.3,754.5,773.8,15476.0,1934.5
undocumented,3,es,12.33,36.6,1036.4,1073.0,21460.0,2682.5
DACA,3,es,13.67,33.8,706.9,740.7,14814.0,1851.8
citizen,5,es,12.0,16.4,346.2,362.6,7252.0,906.5
undocumented,2,en,15.0,37.4,691.5,728.9,14578.0,1822.2
DACA,2,en,13.0,21.7,496.0,517.7,10354.0,1294.2
permanent_resident,5,es,12.0,25.0,467.8,492.8,9856.0,1232.0
DACA,1,en,12.0,22.0,515.5,537.5,10750.0,1343.8
citizen,4,en,10.5,9.5,261.0,270.5,5410.0,676.2
DACA,5,es,12.0,28.7,703.1,731.8,14636.0,1829.5
DACA,3,es,11.67,29.9,709.7,739.6,14792.0,1849.0
undocumented,1,es,7.0,24.3,1073.3,1097.6,21952.0,2744.0
DACA,1,es,18.0,38.0,705.5,743.5,14870.0,1858.8
undocumented,3,en,13.67,32.3,748.8,781.1,15622.0,1952.8
citizen,4,en,12.75,14.3,270.0,284.3,5686.0,710.8
citizen,3,es,10.0,12.4,354.6,367.0,7340.0,917.5
DACA,2,es,13.0,23.8,710.1,733.9,14678.0,1834.8
DACA,3,en,10.0,14.6,516.8,531.4,10628.0,1328.5
citizen,2,es,16.0,28.7,380.5,409.2,8184.0,1023.0
undocumented,1,en,9.0,21.8,732.0,753.8,15076.0,1884.5
DACA,3,es,13.67,30.0,710.6,740.6,14812.0,1851.5
permanent_resident,4,es,12.0,23.6,431.7,455.3,9106.0,1138.2
undocumented,3,en,12.33,29.0,724.0,753.0,15060.0,1882.5
DACA,2,es,16.0,36.6,692.8,729.4,14588.0,1823.5
undocumented,3,en,11.33,24.0,722.3,746.3,14926.0,1865.8
undocumented,3,es,13.0,43.7,1032.8,1076.5,21530.0,2691.2
undocumented,2,es,8.0,28.2,1001.3,1029.5,20590.0,2573.8
permanent_resident,1,en,12.0,22.2,333.3,355.5,7110.0,888.8
permanent_resident,3,es,11.67,23.0,486.5,509.5,10190.0,1273.8
undocumented,1,es,14.0,36.6,1026.4,1063.0,21260.0,2657.5
permanent_resident,3,en,9.33,10.6,340.7,351.3,7026.0,878.2
permanent_resident,2,es,10.5,25.9,480.2,506.1,10122.0,1265.2
DACA,1,es,12.0,7.3,712.9,720.2,14404.0,1800.5
undocumented,2,es,8.0,27.5,1078.2,1105.7,22114.0,2764.2
permanent_resident,3,es,11.0,14.2,468.0,482.2,9644.0,1205.5
undocumented,2,en,10.5,27.8,764.8,792.6,15852.0,1981.5
undocumented,2,es,16.0,48.1,1022.6,1070.7,21414.0,2676.8
undocumented,3,en,11.67,26.3,724.4,750.7,15014.0,1876.8
undocumented,4,es,12.0,28.8,1063.2,1092.0,21840.0,2730.0
permanent_resident,1,es,7.0,17.3,496.6,513.9,10278.0,1284.8
citizen,5,en,12.0,9.8,279.4,289.2,5784.0,723.0
DACA,1,es,18.0,42.3,653.4,695.7,13914.0,1739.2
DACA,2,en,11.5,15.7,509.8,525.5,10510.0,1313.8
undocumented,1,es,14.0,39.7,1036.6,1076.3,21526.0,2690.8
undocumented,2,es,13.0,44.1,1053.6,1097.7,21954.0,2744.2
DACA,3,es,12.33,34.1,687.3,721.4,14428.0,1803.5
citizen,2,es,10.5,19.4,376.7,396.1,7922.0,990.2
citizen,5,en,12.0,9.6,369.7,379.3,7586.0,948.2
citizen,3,en,9.33,9.9,254.1,264.0,5280.0,660.0
citizen,4,es,13.25,29.6,374.6,404.2,8084.0,1010.5
DACA,3,en,10.0,16.9,500.3,517.2,10344.0,1293.0
undocumented,2,es,12.5,43.1,1065.9,1109.0,22180.0,2772.5
undocumented,4,en,12.75,31.4,837.7,869.1,17382.0,2172.8
citizen,5,en,12.0,13.8,297.7,311.5,6230.0,778.8
undocumented,2,en,11.5,27.3,744.0,771.3,15426.0,1928.2
citizen,2,en,8.0,11.7,307.9,319.6,6392.0,799.0
citizen,4,es,13.25,30.3,344.5,374.8,7496.0,937.0
undocumented,3,es,11.67,36.2,1047.4,1083.6,21672.0,2709.0
DACA,2,en,12.5,17.4,447.6,465.0,9300.0,1162.5
citizen,2,en,12.5,16.3,289.1,305.4,6108.0,763.5
citizen,2,es,16.0,21.6,377.7,399.3,7986.0,998.2
citizen,1,es,12.0,23.2,375.9,399.1,7982.0,997.8
permanent_resident,5,en,12.0,16.0,276.1,292.1,5842.0,730.2
citizen,1,en,9.0,12.7,151.8,164.5,3290.0,411.2
citizen,4,en,12.0,14.9,274.7,289.6,5792.0,724.0
undocumented,2,en,13.5,28.0,720.4,748.4,14968.0,1871.0
undocumented,3,es,9.33,21.7,1009.7,1031.4,20628.0,2578.5
citizen,3,en,11.67,15.1,260.3,275.4,5508.0,688.5
undocumented,3,es,13.0,42.4,1172.1,1214.5,24290.0,3036.2
citizen,5,en,12.0,11.1,273.0,284.1,5682.0,710.2
citizen,2,en,9.5,10.2,263.1,273.3,5466.0,683.2
DACA,3,en,13.0,31.1,522.2,553.3,11066.0,1383.2
undocumented,4,es,10.5,31.1,1025.9,1057.0,21140.0,2642.5
DACA,2,en,10.5,19.3,524.3,543.6,10872.0,1359.0
undocumented,1,en,18.0,43.5,723.8,767.3,15346.0,1918.2
undocumented,3,es,13.67,42.0,1039.6,1081.6,21632.0,2704.0
undocumented,4,es,11.5,38.8,1007.5,1046.3,20926.0,2615.8
permanent_resident,2,es,15.0,28.5,447.1,475.6,9512.0,1189.0
permanent_resident,3,es,9.33,17.9,490.5,508.4,10168.0,1271.0
DACA,3,en,11.0,23.3,535.6,558.9,11178.0,1397.2
citizen,3,en,13.0,12.0,272.4,284.4,5688.0,711.0
permanent_resident,3,es,12.33,25.2,485.3,510.5,10210.0,1276.2
undocumented,2,en,15.0,36.5,733.3,769.8,15396.0,1924.5
permanent_resident,2,es,13.0,28.5,478.3,506.8,10136.0,1267.0
permanent_resident,3,en,14.67,20.0,348.3,368.3,7366.0,920.8
citizen,3,es,13.0,21.8,394.1,415.9,8318.0,1039.8
DACA,5,en,12.0,21.8,528.0,549.8,10996.0,1374.5
undocumented,5,en,12.0,21.3,759.6,780.9,15618.0,1952.2
undocumented,3,en,12.33,28.5,749.1,777.6,15552.0,1944.0
undocumented,1,es,12.0,29.8,1080.7,1110.5,22210.0,2776.2
DACA,1,en,9.0,14.8,466.0,480.8,9616.0,1202.0
citizen,3,es,13.0,24.7,370.7,395.4,7908.0,988.5
citizen,1,en,18.0,22.0,251.2,273.2,5464.0,683.0
undocumented,2,es,16.0,46.2,1046.4,1092.6,21852.0,2731.5
undocumented,2,es,11.5,39.7,1014.4,1054.1,21082.0,2635.2
permanent_resident,5,en,12.0,7.9,357.3,365.2,7304.0,913.0
DACA,4,en,12.75,34.2,483.4,517.6,10352.0,1294.0
undocumented,4,es,10.5,37.2,1055.3,1092.5,21850.0,2731.2
undocumented,1,en,18.0,46.4,738.7,785.1,15702.0,1962.8
undocumented,4,en,10.5,23.8,746.3,770.1,15402.0,1925.2
permanent_resident,1,es,12.0,25.1,480.6,505.7,10114.0,1264.2
undocumented,3,es,10.0,33.2,1054.1,1087.3,21746.0,2718.2
permanent_resident,1,es,7.0,16.3,480.5,496.8,9936.0,1242.0
DACA,5,es,12.0,30.5,746.9,777.4,15548.0,1943.5
permanent_resident,4,es,13.25,26.1,497.2,523.3,10466.0,1308.2
DACA,3,es,13.67,38.2,713.6,751.8,15036.0,1879.5
citizen,5,en,12.0,11.0,250.7,261.7,5234.0,654.2
undocumented,2,en,10.5,23.9,651.4,675.3,13506.0,1688.2
citizen,5,es,12.0,20.8,359.1,379.9,7598.0,949.8
DACA,2,en,10.5,23.0,504.3,527.3,10546.0,1318.2
DACA,3,es,12.33,32.4,707.9,740.3,14806.0,1850.8
DACA,1,en,7.0,12.7,530.3,543.0,10860.0,1357.5
permanent_resident,4,en,10.5,13.0,344.4,357.4,7148.0,893.5
undocumented,2,es,13.0,43.1,1044.6,1087.7,21754.0,2719.2
citizen,3,en,11.33,12.3,360.6,372.9,7458.0,932.2
DACA,5,en,12.0,23.0,533.0,556.0,11120.0,1390.0
permanent_resident,4,es,12.0,24.8,473.0,497.8,9956.0,1244.5
permanent_resident,2,es,10.5,24.1,455.6,479.7,9594.0,1199.2
DACA,2,en,10.5,25.4,523.3,548.7,10974.0,1371.8
permanent_resident,1,en,9.0,12.7,332.0,344.7,6894.0,861.8
citizen,3,en,11.33,12.5,236.0,248.5,4970.0,621.2
undocumented,1,es,7.0,29.0,1047.5,1076.5,21530.0,2691.2
DACA,3,es,11.67,28.1,677.7,705.8,14116.0,1764.5
undocumented,3,en,14.67,35.7,642.8,678.5,13570.0,1696.2
citizen,2,es,12.5,21.7,386.9,408.6,8172.0,1021.5
undocumented,1,es,14.0,36.5,1047.2,1083.7,21674.0,2709.2
citizen,3,en,12.33,13.1,256.4,269.5,5390.0,673.8
undocumented,2,es,13.5,31.1,1042.3,1073.4,21468.0,2683.5
citizen,3,en,12.33,12.6,362.8,375.4,7508.0,938.5
DACA,5,en,12.0,24.4,461.1,485.5,9710.0,1213.8
permanent_resident,3,en,11.33,17.7,338.4,356.1,7122.0,890.2
citizen,4,en,11.5,5.0,266.7,271.7,5434.0,679.2
undocumented,2,es,10.5,26.5,1042.3,1068.8,21376.0,2672.0
permanent_resident,3,en,12.33,17.3,360.6,377.9,7558.0,944.8
undocumented,1,es,9.0,26.7,1070.9,1097.6,21952.0,2744.0
DACA,5,es,12.0,32.3,697.5,729.8,14596.0,1824.5
citizen,1,es,18.0,33.7,369.6,403.3,8066.0,1008.2
DACA,3,es,11.67,32.4,713.1,745.5,14910.0,1863.8
undocumented,5,en,12.0,26.3,746.6,772.9,15458.0,1932.2
permanent_resident,1,en,9.0,10.5,338.9,349.4,6988.0,873.5
permanent_resident,2,es,10.5,16.0,470.1,486.1,9722.0,1215.2
citizen,2,en,10.5,10.1,282.1,292.2,5844.0,730.5
permanent_resident,2,en,8.0,12.4,353.5,365.9,7318.0,914.8
DACA,1,en,18.0,32.7,446.6,479.3,9586.0,1198.2
undocumented,3,en,13.0,28.2,743.2,771.4,15428.0,1928.5
citizen,2,es,10.5,16.4,389.6,406.0,8120.0,1015.0
undocumented,2,es,13.0,39.6,1144.4,1184.0,23680.0,2960.0
permanent_resident,3,es,11.67,20.4,489.3,509.7,10194.0,1274.2
citizen,4,en,10.5,19.3,251.9,271.2,5424.0,678.0
citizen,4,es,10.5,20.3,316.9,337.2,6744.0,843.0
citizen,1,es,18.0,25.0,389.0,414.0,8280.0,1035.0
DACA,3,es,13.0,28.0,714.5,742.5,14850.0,1856.2
undocumented,2,en,9.5,13.6,764.9,778.5,15570.0,1946.2
DACA,2,es,8.0,20.6,685.3,705.9,14118.0,1764.8
undocumented,1,es,12.0,38.5,1087.5,1126.0,22520.0,2815.0
DACA,4,en,12.0,22.6,518.6,541.2,10824.0,1353.0
DACA,1,en,14.0,19.0,493.6,512.6,10252.0,1281.5
citizen,2,es,10.5,18.2,378.6,396.8,7936.0,992.0
permanent_resident,3,es,11.0,24.0,493.4,517.4,10348.0,1293.5
DACA,1,en,18.0,31.7,510.7,542.4,10848.0,1356.0
permanent_resident,1,es,12.0,28.1,478.9,507.0,10140.0,1267.5
permanent_resident,3,es,12.33,23.6,478.1,501.7,10034.0,1254.2
undocumented,3,en,9.33,21.5,727.0,748.5,14970.0,1871.2
undocumented,1,en,9.0,24.7,749.1,773.8,15476.0,1934.5
undocumented,2,en,13.0,26.4,744.4,770.8,15416.0,1927.0
permanent_resident,3,en,13.67,17.2,343.4,360.6,7212.0,901.5
permanent_resident,4,es,12.0,16.6,457.4,474.0,9480.0,1185.0
DACA,1,es,7.0,19.5,766.1,785.6,15712.0,1964.0
citizen,3,en,14.67,17.0,247.6,264.6,5292.0,661.5
DACA,4,en,13.25,19.9,529.3,549.2,10984.0,1373.0
undocumented,1,en,18.0,54.5,749.6,804.1,16082.0,2010.2
citizen,2,es,13.0,18.5,399.0,417.5,8350.0,1043.8
undocumented,1,en,14.0,34.2,752.4,786.6,15732.0,1966.5
undocumented,5,es,12.0,33.6,1054.6,1088.2,21764.0,2720.5
permanent_resident,2,en,15.0,19.2,371.2,390.4,7808.0,976.0
undocumented,1,en,9.0,22.2,767.3,789.5,15790.0,1973.8
undocumented,4,en,12.75,45.8,761.7,807.5,16150.0,2018.8
citizen,2,es,13.0,18.5,391.8,410.3,8206.0,1025.8
permanent_resident,2,en,15.0,21.6,320.4,342.0,6840.0,855.0
DACA,1,es,14.0,32.7,693.5,726.2,14524.0,1815.5
undocumented,1,en,12.0,28.8,798.4,827.2,16544.0,2068.0
permanent_resident,5,es,12.0,25.5,486.2,511.7,10234.0,1279.2
DACA,2,es,10.5,21.7,728.2,749.9,14998.0,1874.8
permanent_resident,3,en,11.0,12.1,413.4,425.5,8510.0,1063.8
citizen,4,es,12.0,17.0,381.9,398.9,7978.0,997.2
DACA,4,es,10.5,25.4,682.7,708.1,14162.0,1770.2
permanent_resident,5,en,12.0,15.9,351.6,367.5,7350.0,918.8
undocumented,2,es,13.0,41.4,1068.1,1109.5,22190.0,2773.8
undocumented,4,es,10.5,35.3,1032.9,1068.2,21364.0,2670.5
undocumented,3,es,13.67,39.2,1075.3,1114.5,22290.0,2786.2
citizen,1,es,12.0,20.3,352.4,372.7,7454.0,931.8
permanent_resident,1,es,14.0,30.3,463.9,494.2,9884.0,1235.5
undocumented,5,es,12.0,36.7,1041.6,1078.3,21566.0,2695.8
permanent_resident,3,es,11.33,22.1,485.1,507.2,10144.0,1268.0
citizen,1,es,7.0,12.1,386.6,398.7,7974.0,996.8
DACA,3,es,12.33,18.2,723.0,741.2,14824.0,1853.0
permanent_resident,3,es,11.33,22.9,488.8,511.7,10234.0,1279.2
permanent_resident,2,en,11.5,11.5,432.3,443.8,8876.0,1109.5
undocumented,3,es,11.0,46.3,1104.2,1150.5,23010.0,2876.2
permanent_resident,4,en,12.75,13.5,357.6,371.1,7422.0,927.8
citizen,5,es,12.0,20.0,369.8,389.8,7796.0,974.5
permanent_resident,4,en,12.0,10.3,349.9,360.2,7204.0,900.5
permanent_resident,3,en,9.33,18.6,360.3,378.9,7578.0,947.2
DACA,1,en,12.0,24.7,500.5,525.2,10504.0,1313.0
permanent_resident,2,en,15.0,23.2,371.5,394.7,7894.0,986.8
DACA,3,en,13.0,25.3,539.9,565.2,11304.0,1413.0
citizen,3,es,11.0,22.0,307.3,329.3,6586.0,823.2
citizen,5,en,12.0,23.7,281.3,305.0,6100.0,762.5
undocumented,3,es,11.67,36.0,1036.9,1072.9,21458.0,2682.2
undocumented,3,en,12.33,27.8,761.2,789.0,15780.0,1972.5
undocumented,1,es,7.0,15.6,1044.0,1059.6,21192.0,2649.0
citizen,3,es,11.67,21.1,381.8,402.9,8058.0,1007.2
undocumented,3,es,10.0,32.3,1017.7,1050.0,21000.0,2625.0
citizen,3,en,11.67,21.9,253.6,275.5,5510.0,688.8
citizen,5,es,12.0,18.9,364.2,383.1,7662.0,957.8
permanent_resident,1,es,7.0,20.0,500.1,520.1,10402.0,1300.2
permanent_resident,2,es,10.5,22.2,417.7,439.9,8798.0,1099.8
citizen,2,es,8.0,20.4,419.6,440.0,8800.0,1100.0
citizen,4,en,10.5,12.2,292.3,304.5,6090.0,761.2
undocumented,3,es,11.0,29.1,1055.0,1084.1,21682.0,2710.2
permanent_resident,4,es,12.0,22.4,473.3,495.7,9914.0,1239.2
citizen,1,en,12.0,6.7,261.3,268.0,5360.0,670.0
undocumented,3,en,12.33,29.5,755.9,785.4,15708.0,1963.5
undocumented,5,es,12.0,37.4,1036.8,1074.2,21484.0,2685.5
permanent_resident,1,en,7.0,11.0,335.1,346.1,6922.0,865.2
undocumented,4,es,13.25,38.6,1032.7,1071.3,21426.0,2678.2
DACA,3,es,9.33,26.5,661.9,688.4,13768.0,1721.0
undocumented,1,en,12.0,20.4,740.7,761.1,15222.0,1902.8
citizen,2,es,8.0,19.3,346.8,366.1,7322.0,915.2
permanent_resident,5,en,12.0,23.0,332.6,355.6,7112.0,889.0
undocumented,2,en,10.5,26.2,744.0,770.2,15404.0,1925.5
permanent_resident,2,es,13.0,18.8,476.5,495.3,9906.0,1238.2
permanent_resident,4,en,10.5,18.0,347.4,365.4,7308.0,913.5
citizen,3,en,10.0,8.7,252.8,261.5,5230.0,653.8
undocumented,1,es,18.0,52.4,1049.0,1101.4,22028.0,2753.5
undocumented,2,en,16.0,40.6,659.2,699.8,13996.0,1749.5
permanent_resident,3,en,11.33,14.5,334.2,348.7,6974.0,871.8
permanent_resident,4,en,10.5,11.8,345.6,357.4,7148.0,893.5
citizen,2,es,13.5,24.3,347.3,371.6,7432.0,929.0
DACA,3,en,9.33,16.0,508.2,524.2,10484.0,1310.5
citizen,3,es,11.67,23.4,405.9,429.3,8586.0,1073.2
undocumented,1,en,9.0,23.5,759.8,783.3,15666.0,1958.2
permanent_resident,3,es,10.0,22.9,477.8,500.7,10014.0,1251.8
undocumented,3,es,12.33,41.9,1040.9,1082.8,21656.0,2707.0
citizen,4,es,12.75,34.5,382.5,417.0,8340.0,1042.5
undocumented,3,es,10.0,32.0,1054.3,1086.3,21726.0,2715.8
permanent_resident,4,en,12.75,16.8,341.6,358.4,7168.0,896.0
DACA,1,en,7.0,7.7,486.4,494.1,9882.0,1235.2
citizen,2,en,12.5,12.1,216.0,228.1,4562.0,570.2
undocumented,4,en,12.0,27.7,747.2,774.9,15498.0,1937.2
undocumented,2,es,10.5,32.8,1035.1,1067.9,21358.0,2669.8
permanent_resident,4,es,10.5,21.2,456.2,477.4,9548.0,1193.5
undocumented,1,en,12.0,24.6,744.1,768.7,15374.0,1921.8
permanent_resident,2,en,13.0,12.2,448.3,460.5,9210.0,1151.2
undocumented,2,en,9.5,31.9,678.2,710.1,14202.0,1775.2
permanent_resident,2,es,9.5,19.6,516.3,535.9,10718.0,1339.8
permanent_resident,1,en,18.0,22.8,362.4,385.2,7704.0,963.0
undocumented,1,es,14.0,44.2,1019.7,1063.9,21278.0,2659.8
undocumented,2,es,12.5,30.2,1036.9,1067.1,21342.0,2667.8
citizen,5,es,12.0,19.1,379.1,398.2,7964.0,995.5
DACA,1,es,9.0,29.1,700.0,729.1,14582.0,1822.8
citizen,2,es,11.5,19.3,369.1,388.4,7768.0,971.0
undocumented,2,en,16.0,36.1,705.3,741.4,14828.0,1853.5
DACA,1,en,12.0,20.6,501.4,522.0,10440.0,1305.0
citizen,1,en,18.0,19.5,274.1,293.6,5872.0,734.0
permanent_resident,2,es,12.5,21.3,487.6,508.9,10178.0,1272.2
undocumented,3,en,13.67,31.8,726.7,758.5,15170.0,1896.2
DACA,5,es,12.0,30.4,694.7,725.1,14502.0,1812.8
citizen,5,en,12.0,13.3,274.7,288.0,5760.0,720.0
permanent_resident,2,es,11.5,15.6,481.7,497.3,9946.0,1243.2
DACA,2,es,16.0,38.8,704.7,743.5,14870.0,1858.8
undocumented,3,en,11.33,35.0,725.9,760.9,15218.0,1902.2
undocumented,2,en,13.5,30.5,744.1,774.6,15492.0,1936.5
permanent_resident,1,es,14.0,26.2,507.7,533.9,10678.0,1334.8
citizen,4,es,10.5,19.6,389.7,409.3,8186.0,1023.2
undocumented,2,es,12.5,40.4,1046.9,1087.3,21746.0,2718.2
undocumented,4,en,11.5,28.4,753.6,782.0,15640.0,1955.0
undocumented,2,en,12.5,28.1,744.1,772.2,15444.0,1930.5
permanent_resident,3,es,13.67,29.6,477.0,506.6,10132.0,1266.5
DACA,3,en,11.0,16.9,555.4,572.3,11446.0,1430.8
citizen,2,es,11.5,17.0,366.7,383.7,7674.0,959.2
undocumented,3,en,11.0,25.2,738.6,763.8,15276.0,1909.5
citizen,1,en,12.0,24.0,265.9,289.9,5798.0,724.8
citizen,4,en,10.5,7.4,201.8,209.2,4184.0,523.0
undocumented,4,es,11.5,38.2,1004.2,1042.4,20848.0,2606.0
undocumented,2,en,13.5,36.2,741.5,777.7,15554.0,1944.2
citizen,3,en,9.33,8.3,249.5,257.8,5156.0,644.5
undocumented,3,es,13.0,36.6,1045.3,1081.9,21638.0,2704.8
DACA,2,en,16.0,24.9,509.8,534.7,10694.0,1336.8
permanent_resident,4,en,13.25,23.8,312.5,336.3,6726.0,840.8
DACA,1,en,9.0,15.5,552.2,567.7,11354.0,1419.2
undocumented,5,es,12.0,35.3,1038.2,1073.5,21470.0,2683.8
DACA,2,es,16.0,36.4,722.8,759.2,15184.0,1898.0
citizen,1,en,7.0,7.2,247.7,254.9,5098.0,637.2
undocumented,2,es,12.5,46.7,1054.6,1101.3,22026.0,2753.2
permanent_resident,2,es,16.0,30.1,451.2,481.3,9626.0,1203.2
permanent_resident,1,es,12.0,32.0,483.9,515.9,10318.0,1289.8
permanent_resident,5,en,12.0,9.6,353.3,362.9,7258.0,907.2
DACA,2,en,12.5,22.6,512.4,535.0,10700.0,1337.5
DACA,1,es,9.0,25.0,699.6,724.6,14492.0,1811.5
permanent_resident,4,es,10.5,25.1,484.6,509.7,10194.0,1274.2
citizen,5,es,12.0,17.3,392.5,409.8,8196.0,1024.5
undocumented,2,en,16.0,41.8,711.7,753.5,15070.0,1883.8
DACA,3,es,10.0,30.6,729.5,760.1,15202.0,1900.2
DACA,4,es,12.75,31.9,761.2,793.1,15862.0,1982.8
DACA,5,es,12.0,33.0,708.3,741.3,14826.0,1853.2
permanent_resident,1,en,18.0,21.3,338.7,360.0,7200.0,900.0
DACA,1,es,14.0,30.2,697.9,728.1,14562.0,1820.2
permanent_resident,1,en,9.0,10.9,256.4,267.3,5346.0,668.2
DACA,1,en,18.0,25.9,502.4,528.3,10566.0,1320.8
undocumented,1,en,12.0,29.6,850.1,879.7,17594.0,2199.2
citizen,3,es,14.67,22.9,376.1,399.0,7980.0,997.5
undocumented,2,es,10.5,32.0,1058.7,1090.7,21814.0,2726.8
DACA,2,es,13.5,31.9,741.2,773.1,15462.0,1932.8
citizen,4,en,12.0,12.6,277.3,289.9,5798.0,724.8
permanent_resident,1,es,14.0,28.0,488.1,516.1,10322.0,1290.2
permanent_resident,3,en,11.33,14.3,402.1,416.4,8328.0,1041.0
permanent_resident,1,en,18.0,22.2,351.5,373.7,7474.0,934.2
permanent_resident,2,es,15.0,25.3,482.1,507.4,10148.0,1268.5
permanent_resident,2,es,13.5,24.7,424.7,449.4,8988.0,1123.5
citizen,3,en,12.33,12.3,270.6,282.9,5658.0,707.2
permanent_resident,1,es,7.0,17.1,497.5,514.6,10292.0,1286.5
permanent_resident,3,es,9.33,13.1,482.5,495.6,9912.0,1239.0
permanent_resident,3,es,13.0,18.7,491.8,510.5,10210.0,1276.2
undocumented,1,en,7.0,20.5,753.6,774.1,15482.0,1935.2
citizen,3,en,11.33,11.2,250.1,261.3,5226.0,653.2
citizen,5,en,12.0,13.9,238.7,252.6,5052.0,631.5
DACA,2,es,10.5,28.8,707.7,736.5,14730.0,1841.2
citizen,4,es,13.25,17.5,359.4,376.9,7538.0,942.2
undocumented,4,es,12.0,39.3,1028.8,1068.1,21362.0,2670.2
undocumented,5,en,12.0,27.4,775.8,803.2,16064.0,2008.0
citizen,1,en,14.0,16.7,265.8,282.5,5650.0,706.2
DACA,1,es,12.0,32.7,704.2,736.9,14738.0,1842.2
DACA,4,en,12.75,27.6,508.1,535.7,10714.0,1339.2
citizen,1,en,9.0,12.0,253.7,265.7,5314.0,664.2
citizen,3,es,13.0,19.3,370.6,389.9,7798.0,974.8
citizen,3,en,11.67,11.4,263.9,275.3,5506.0,688.2
citizen,1,es,12.0,28.2,376.6,404.8,8096.0,1012.0
permanent_resident,3,es,13.67,27.2,384.6,411.8,8236.0,1029.5
citizen,1,en,7.0,6.3,265.7,272.0,5440.0,680.0
citizen,1,es,14.0,21.7,364.2,385.9,7718.0,964.8
undocumented,3,es,10.0,36.3,1047.7,1084.0,21680.0,2710.0
undocumented,2,en,9.5,21.6,765.0,786.6,15732.0,1966.5
DACA,1,es,18.0,45.2,716.1,761.3,15226.0,1903.2
permanent_resident,4,en,12.75,14.9,337.0,351.9,7038.0,879.8
citizen,5,es,12.0,19.6,362.0,381.6,7632.0,954.0
undocumented,3,es,13.0,35.4,1056.4,1091.8,21836.0,2729.5
DACA,3,en,11.33,18.8,476.8,495.6,9912.0,1239.0
undocumented,2,es,12.5,38.5,1032.8,1071.3,21426.0,2678.2
undocumented,1,en,12.0,29.9,786.8,816.7,16334.0,2041.8
DACA,1,en,12.0,23.5,527.5,551.0,11020.0,1377.5
citizen,2,es,11.5,19.1,387.2,406.3,8126.0,1015.8
citizen,5,en,12.0,13.5,334.5,348.0,6960.0,870.0
undocumented,1,es,12.0,36.1,1012.3,1048.4,20968.0,2621.0
undocumented,3,es,11.67,34.5,1008.4,1042.9,20858.0,2607.2
permanent_resident,5,es,12.0,21.0,460.1,481.1,9622.0,1202.8
DACA,3,es,13.67,31.7,734.8,766.5,15330.0,1916.2
DACA,3,en,9.33,19.6,523.9,543.5,10870.0,1358.8
DACA,2,en,13.5,25.6,474.4,500.0,10000.0,1250.0
DACA,1,es,14.0,33.0,694.4,727.4,14548.0,1818.5
citizen,4,es,10.5,14.5,379.2,393.7,7874.0,984.2
DACA,5,en,12.0,21.4,468.5,489.9,9798.0,1224.8
citizen,3,es,12.33,23.5,383.1,406.6,8132.0,1016.5
undocumented,3,es,11.67,40.2,1023.5,1063.7,21274.0,2659.2
undocumented,1,en,18.0,38.5,732.4,770.9,15418.0,1927.2
DACA,2,es,13.5,34.0,712.7,746.7,14934.0,1866.8
undocumented,5,es,12.0,35.4,976.6,1012.0,20240.0,2530.0
undocumented,1,es,7.0,28.3,1049.6,1077.9,21558.0,2694.8
DACA,5,es,12.0,30.6,684.4,715.0,14300.0,1787.5
DACA,1,en,18.0,26.2,493.4,519.6,10392.0,1299.0
permanent_resident,1,en,7.0,10.1,338.0,348.1,6962.0,870.2
citizen,3,es,9.33,16.8,361.1,377.9,7558.0,944.8
undocumented,1,en,12.0,23.6,735.0,758.6,15172.0,1896.5
citizen,2,en,10.5,24.5,387.2,411.7,8234.0,1029.2
citizen,1,es,7.0,16.0,365.6,381.6,7632.0,954.0
permanent_resident,2,en,10.5,17.7,358.4,376.1,7522.0,940.2
permanent_resident,2,es,9.5,19.2,484.1,503.3,10066.0,1258.2
citizen,3,en,11.67,8.2,240.7,248.9,4978.0,622.2
DACA,1,en,14.0,25.1,553.6,578.7,11574.0,1446.8
DACA,1,es,18.0,49.9,712.7,762.6,15252.0,1906.5
permanent_resident,5,en,12.0,1.0,232.6,233.6,4672.0,584.0
permanent_resident,5,es,12.0,27.0,455.4,482.4,9648.0,1206.0
citizen,1,en,18.0,17.1,265.7,282.8,5656.0,707.0
permanent_resident,4,es,10.5,16.5,419.2,435.7,8714.0,1089.2
DACA,1,es,7.0,23.6,722.1,745.7,14914.0,1864.2
undocumented,1,es,12.0,35.7,1021.3,1057.0,21140.0,2642.5
permanent_resident,1,es,18.0,33.9,588.0,621.9,12438.0,1554.8
citizen,3,es,11.67,20.4,404.7,425.1,8502.0,1062.8
permanent_resident,1,en,7.0,6.1,348.0,354.1,7082.0,885.2
DACA,1,es,18.0,39.2,731.4,770.6,15412.0,1926.5
permanent_resident,2,es,10.5,26.0,477.5,503.5,10070.0,1258.8
undocumented,1,es,12.0,38.3,1149.9,1188.2,23764.0,2970.5
undocumented,2,en,11.5,27.3,743.8,771.1,15422.0,1927.8
citizen,3,es,11.33,18.5,363.1,381.6,7632.0,954.0
permanent_resident,1,en,7.0,12.2,333.3,345.5,6910.0,863.8
permanent_resident,5,en,12.0,2.7,327.3,330.0,6600.0,825.0
permanent_resident,1,es,12.0,18.2,384.9,403.1,8062.0,1007.8
citizen,3,es,9.33,18.6,420.2,438.8,8776.0,1097.0
DACA,3,en,9.33,17.7,501.3,519.0,10380.0,1297.5
undocumented,1,es,12.0,37.5,1023.7,1061.2,21224.0,2653.0
undocumented,1,en,18.0,41.5,715.5,757.0,15140.0,1892.5
citizen,3,en,11.0,10.4,241.8,252.2,5044.0,630.5
undocumented,1,en,7.0,19.2,859.0,878.2,17564.0,2195.5
undocumented,4,es,12.0,42.3,1046.9,1089.2,21784.0,2723.0
undocumented,3,en,9.33,16.9,750.6,767.5,15350.0,1918.8
undocumented,2,en,10.5,24.8,703.2,728.0,14560.0,1820.0
undocumented,2,es,12.5,39.2,990.9,1030.1,20602.0,2575.2
undocumented,2,es,13.5,38.8,1044.5,1083.3,21666.0,2708.2
permanent_resident,2,es,12.5,21.7,497.6,519.3,10386.0,1298.2
permanent_resident,3,es,9.33,21.2,479.1,500.3,10006.0,1250.8
citizen,3,es,13.0,24.4,330.3,354.7,7094.0,886.8
DACA,5,en,12.0,20.5,495.0,515.5,10310.0,1288.8
undocumented,5,en,12.0,27.4,765.1,792.5,15850.0,1981.2
undocumented,4,en,10.5,13.3,714.1,727.4,14548.0,1818.5
citizen,1,en,12.0,9.1,279.4,288.5,5770.0,721.2
permanent_resident,3,es,10.0,21.3,474.3,495.6,9912.0,1239.0
citizen,1,en,12.0,6.2,245.3,251.5,5030.0,628.8
citizen,2,en,8.0,8.0,265.9,273.9,5478.0,684.8
citizen,1,en,14.0,12.3,276.2,288.5,5770.0,721.2
DACA,3,es,13.0,34.4,743.7,778.1,15562.0,1945.2
permanent_resident,1,en,7.0,9.0,312.8,321.8,6436.0,804.5
citizen,2,es,8.0,17.1,371.8,388.9,7778.0,972.2
permanent_resident,5,en,12.0,17.6,340.3,357.9,7158.0,894.8
permanent_resident,2,en,12.5,1.0,349.7,350.7,7014.0,876.8
DACA,1,en,9.0,19.0,474.8,493.8,9876.0,1234.5
DACA,1,en,7.0,14.4,504.6,519.0,10380.0,1297.5
citizen,1,es,18.0,28.8,379.6,408.4,8168.0,1021.0
permanent_resident,3,es,11.67,24.6,497.0,521.6,10432.0,1304.0
undocumented,2,es,8.0,27.8,1054.3,1082.1,21642.0,2705.2
permanent_resident,2,es,13.0,25.2,477.6,502.8,10056.0,1257.0
DACA,1,es,9.0,24.3,735.8,760.1,15202.0,1900.2
citizen,3,es,13.67,27.5,455.1,482.6,9652.0,1206.5
citizen,1,es,18.0,16.9,353.5,370.4,7408.0,926.0
undocumented,5,en,12.0,26.6,744.8,771.4,15428.0,1928.5
citizen,2,es,13.5,23.4,399.1,422.5,8450.0,1056.2
DACA,4,en,12.75,22.0,499.5,521.5,10430.0,1303.8
DACA,3,es,10.0,29.9,776.1,806.0,16120.0,2015.0
permanent_resident,2,en,13.5,17.2,357.1,374.3,7486.0,935.8
DACA,3,es,13.67,34.6,710.9,745.5,14910.0,1863.8
undocumented,2,es,10.5,35.6,1035.9,1071.5,21430.0,2678.8
DACA,3,es,12.33,25.3,749.0,774.3,15486.0,1935.8
DACA,1,es,14.0,34.7,709.4,744.1,14882.0,1860.2
citizen,3,es,9.33,18.7,374.2,392.9,7858.0,982.2
citizen,2,en,10.5,9.1,256.4,265.5,5310.0,663.8
undocumented,5,es,12.0,36.4,1061.9,1098.3,21966.0,2745.8
permanent_resident,1,en,7.0,7.4,359.8,367.2,7344.0,918.0
permanent_resident,4,es,10.5,21.3,425.4,446.7,8934.0,1116.8
permanent_resident,2,es,10.5,25.3,475.9,501.2,10024.0,1253.0
citizen,1,en,7.0,13.4,258.1,271.5,5430.0,678.8
permanent_resident,3,en,9.33,1.0,314.0,315.0,6300.0,787.5
permanent_resident,3,es,11.67,25.2,510.9,536.1,10722.0,1340.2
permanent_resident,1,en,14.0,12.1,346.2,358.3,7166.0,895.8
undocumented,2,es,10.5,36.6,1022.4,1059.0,21180.0,2647.5
DACA,5,en,12.0,18.3,505.7,524.0,10480.0,1310.0
permanent_resident,2,es,16.0,26.8,486.8,513.6,10272.0,1284.0
permanent_resident,4,en,12.75,10.4,525.8,536.2,10724.0,1340.5
undocumented,1,en,9.0,20.3,765.5,785.8,15716.0,1964.5
DACA,4,es,13.25,30.8,680.0,710.8,14216.0,1777.0
citizen,2,es,11.5,20.0,372.7,392.7,7854.0,981.8
DACA,1,en,14.0,29.9,530.3,560.2,11204.0,1400.5
DACA,5,es,12.0,31.2,714.3,745.5,14910.0,1863.8
DACA,3,es,10.0,27.1,713.7,740.8,14816.0,1852.0
undocumented,2,es,10.5,35.8,1034.3,1070.1,21402.0,2675.2
undocumented,2,en,13.5,30.7,753.2,783.9,15678.0,1959.8
permanent_resident,1,es,7.0,14.2,438.0,452.2,9044.0,1130.5
permanent_resident,5,es,12.0,29.8,517.8,547.6,10952.0,1369.0
citizen,5,en,12.0,13.8,253.1,266.9,5338.0,667.2
citizen,1,es,9.0,18.9,344.7,363.6,7272.0,909.0
DACA,1,es,12.0,30.6,697.4,728.0,14560.0,1820.0
undocumented,2,en,13.0,29.7,671.6,701.3,14026.0,1753.2
DACA,2,en,16.0,37.5,429.7,467.2,9344.0,1168.0
citizen,3,en,11.33,8.6,324.2,332.8,6656.0,832.0
undocumented,2,es,11.5,38.9,1031.5,1070.4,21408.0,2676.0
citizen,4,en,11.5,10.0,244.7,254.7,5094.0,636.8
citizen,4,en,11.5,13.8,253.5,267.3,5346.0,668.2
citizen,1,en,14.0,17.1,263.8,280.9,5618.0,702.2
DACA,1,es,9.0,27.6,700.4,728.0,14560.0,1820.0
undocumented,2,en,9.5,20.3,747.9,768.2,15364.0,1920.5
DACA,2,es,10.5,27.2,691.1,718.3,14366.0,1795.8
undocumented,3,en,9.33,23.0,737.9,760.9,15218.0,1902.2
permanent_resident,3,en,9.33,12.5,362.3,374.8,7496.0,937.0
citizen,5,en,12.0,9.1,288.4,297.5,5950.0,743.8
DACA,2,en,13.0,27.7,485.6,513.3,10266.0,1283.2
DACA,3,en,9.33,15.2,512.8,528.0,10560.0,1320.0
DACA,1,es,14.0,37.2,713.9,751.1,15022.0,1877.8
citizen,3,en,13.0,16.8,272.5,289.3,5786.0,723.2
citizen,3,es,13.67,25.4,373.1,398.5,7970.0,996.2
undocumented,1,es,14.0,43.7,1076.9,1120.6,22412.0,2801.5
undocumented,1,es,18.0,61.2,1040.0,1101.2,22024.0,2753.0
permanent_resident,2,en,16.0,20.4,260.9,281.3,5626.0,703.2
DACA,1,en,12.0,32.4,649.0,681.4,13628.0,1703.5
citizen,2,en,10.5,9.3,281.5,290.8,5816.0,727.0
permanent_resident,2,es,12.5,27.5,451.9,479.4,9588.0,1198.5
DACA,1,en,18.0,34.5,509.9,544.4,10888.0,1361.0
permanent_resident,1,es,9.0,22.9,465.4,488.3,9766.0,1220.8
permanent_resident,5,es,12.0,23.4,457.3,480.7,9614.0,1201.8
citizen,2,en,13.5,21.2,279.0,300.2,6004.0,750.5
undocumented,2,en,11.5,28.0,845.8,873.8,17476.0,2184.5
citizen,3,es,11.0,18.1,372.4,390.5,7810.0,976.2
permanent_resident,5,es,12.0,23.7,465.3,489.0,9780.0,1222.5
DACA,2,es,10.5,27.1,721.6,748.7,14974.0,1871.8
permanent_resident,5,es,12.0,19.5,457.3,476.8,9536.0,1192.0
permanent_resident,1,en,14.0,12.7,329.3,342.0,6840.0,855.0
undocumented,5,es,12.0,37.3,1041.7,1079.0,21580.0,2697.5
permanent_resident,3,en,14.67,14.4,344.9,359.3,7186.0,898.2
citizen,1,en,14.0,9.6,273.4,283.0,5660.0,707.5
citizen,2,es,13.5,19.2,360.2,379.4,7588.0,948.5
citizen,1,es,7.0,10.0,414.8,424.8,8496.0,1062.0
permanent_resident,4,es,12.0,24.6,481.8,506.4,10128.0,1266.0
citizen,3,en,14.67,14.8,256.8,271.6,5432.0,679.0
permanent_resident,5,en,12.0,11.5,356.3,367.8,7356.0,919.5
citizen,2,en,11.5,17.6,286.9,304.5,6090.0,761.2
citizen,3,es,10.0,17.9,399.4,417.3,8346.0,1043.2
citizen,2,en,9.5,14.6,290.7,305.3,6106.0,763.2
citizen,2,es,10.5,15.5,409.2,424.7,8494.0,1061.8
permanent_resident,5,en,12.0,14.1,353.4,367.5,7350.0,918.8
citizen,2,es,10.5,23.4,361.9,385.3,7706.0,963.2
DACA,3,es,14.67,33.5,783.2,816.7,16334.0,2041.8
undocumented,2,en,12.5,31.1,724.1,755.2,15104.0,1888.0
DACA,2,en,15.0,30.6,527.1,557.7,11154.0,1394.2
undocumented,4,en,11.5,29.8,742.4,772.2,15444.0,1930.5
citizen,4,en,10.5,17.8,274.4,292.2,5844.0,730.5
permanent_resident,3,es,14.67,26.0,473.2,499.2,9984.0,1248.0
DACA,2,en,11.5,22.6,498.5,521.1,10422.0,1302.8
permanent_resident,4,es,12.0,23.3,501.9,525.2,10504.0,1313.0
undocumented,3,en,13.0,29.2,821.2,850.4,17008.0,2126.0
citizen,1,es,7.0,15.1,398.0,413.1,8262.0,1032.8
citizen,1,en,18.0,17.6,319.2,336.8,6736.0,842.0
undocumented,2,es,12.5,44.0,1050.6,1094.6,21892.0,2736.5
permanent_resident,3,en,13.0,17.2,342.3,359.5,7190.0,898.8
undocumented,3,en,14.67,37.7,872.9,910.6,18212.0,2276.5
undocumented,4,es,12.75,38.8,1031.9,1070.7,21414.0,2676.8
permanent_resident,2,en,9.5,9.4,363.0,372.4,7448.0,931.0
DACA,1,es,12.0,28.7,670.1,698.8,13976.0,1747.0
permanent_resident,2,en,10.5,11.0,340.8,351.8,7036.0,879.5
DACA,2,en,10.5,18.7,513.2,531.9,10638.0,1329.8
citizen,5,en,12.0,10.5,248.6,259.1,5182.0,647.8
citizen,1,en,18.0,20.7,291.9,312.6,6252.0,781.5
citizen,2,en,12.5,12.5,270.2,282.7,5654.0,706.8
DACA,3,es,11.67,26.9,690.3,717.2,14344.0,1793.0
DACA,4,es,11.5,34.1,738.1,772.2,15444.0,1930.5
citizen,2,es,16.0,26.5,386.6,413.1,8262.0,1032.8
DACA,5,en,12.0,21.1,478.8,499.9,9998.0,1249.8
permanent_resident,3,es,9.33,15.0,477.9,492.9,9858.0,1232.2
DACA,3,en,12.33,29.9,505.2,535.1,10702.0,1337.8
undocumented,2,en,16.0,40.5,759.5,800.0,16000.0,2000.0
undocumented,5,en,12.0,37.5,729.0,766.5,15330.0,1916.2
permanent_resident,2,es,8.0,31.8,452.7,484.5,9690.0,1211.2
permanent_resident,3,en,11.67,16.8,353.0,369.8,7396.0,924.5
undocumented,1,es,18.0,50.7,1051.1,1101.8,22036.0,2754.5
permanent_resident,4,es,11.5,23.5,497.9,521.4,10428.0,1303.5
permanent_resident,2,es,15.0,31.3,472.7,504.0,10080.0,1260.0
permanent_resident,3,en,13.0,12.0,384.6,396.6,7932.0,991.5
undocumented,3,en,11.67,28.5,734.8,763.3,15266.0,1908.2
undocumented,1,en,18.0,38.3,728.1,766.4,15328.0,1916.0
permanent_resident,4,en,13.25,23.8,329.2,353.0,7060.0,882.5
DACA,1,es,12.0,25.3,704.3,729.6,14592.0,1824.0
undocumented,2,en,16.0,35.8,716.9,752.7,15054.0,1881.8
permanent_resident,2,en,11.5,20.5,340.2,360.7,7214.0,901.8
citizen,3,en,10.0,13.6,257.2,270.8,5416.0,677.0
citizen,5,en,12.0,8.6,245.2,253.8,5076.0,634.5
DACA,2,en,13.0,29.5,506.7,536.2,10724.0,1340.5
citizen,1,es,12.0,18.3,389.7,408.0,8160.0,1020.0
DACA,1,es,12.0,27.4,691.2,718.6,14372.0,1796.5
DACA,2,en,8.0,13.4,511.4,524.8,10496.0,1312.0
undocumented,1,es,14.0,39.9,1046.4,1086.3,21726.0,2715.8
citizen,2,en,9.5,9.7,277.3,287.0,5740.0,717.5
citizen,2,en,8.0,6.3,269.0,275.3,5506.0,688.2
permanent_resident,3,es,10.0,22.4,454.1,476.5,9530.0,1191.2
undocumented,1,en,14.0,29.6,731.3,760.9,15218.0,1902.2
citizen,4,es,12.75,15.7,387.2,402.9,8058.0,1007.2
DACA,1,en,14.0,30.4,522.8,553.2,11064.0,1383.0
DACA,3,en,9.33,17.6,467.7,485.3,9706.0,1213.2
undocumented,3,es,11.0,38.5,1046.6,1085.1,21702.0,2712.8
DACA,5,en,12.0,21.7,527.7,549.4,10988.0,1373.5
undocumented,2,en,10.5,23.4,752.1,775.5,15510.0,1938.8
undocumented,4,es,12.0,34.0,1047.0,1081.0,21620.0,2702.5
undocumented,3,en,11.0,21.7,741.8,763.5,15270.0,1908.8
undocumented,3,es,14.67,35.3,1026.3,1061.6,21232.0,2654.0
DACA,1,es,12.0,25.5,711.1,736.6,14732.0,1841.5
citizen,3,es,14.67,23.4,374.6,398.0,7960.0,995.0
citizen,1,es,9.0,31.7,362.3,394.0,7880.0,985.0
citizen,4,en,11.5,13.6,281.0,294.6,5892.0,736.5
undocumented,2,es,9.5,32.7,1047.7,1080.4,21608.0,2701.0
DACA,2,en,13.5,26.8,587.9,614.7,12294.0,1536.8
DACA,4,es,12.0,27.3,722.2,749.5,14990.0,1873.8
permanent_resident,2,en,15.0,35.5,358.5,394.0,7880.0,985.0
permanent_resident,2,en,10.5,13.0,360.1,373.1,7462.0,932.8
DACA,2,en,10.5,15.8,527.3,543.1,10862.0,1357.8
undocumented,1,en,18.0,41.0,739.5,780.5,15610.0,1951.2
DACA,5,en,12.0,21.8,511.3,533.1,10662.0,1332.8
permanent_resident,2,es,16.0,27.9,485.2,513.1,10262.0,1282.8
DACA,3,en,13.0,29.6,503.8,533.4,10668.0,1333.5
citizen,2,en,15.0,13.3,281.8,295.1,5902.0,737.8
permanent_resident,3,en,14.67,17.1,302.8,319.9,6398.0,799.8
undocumented,5,en,12.0,27.9,741.5,769.4,15388.0,1923.5
undocumented,5,en,12.0,33.0,771.2,804.2,16084.0,2010.5
DACA,2,en,11.5,23.2,500.5,523.7,10474.0,1309.2
citizen,3,es,12.33,28.6,352.6,381.2,7624.0,953.0
undocumented,3,en,13.0,34.0,739.0,773.0,15460.0,1932.5
DACA,3,en,13.0,21.2,510.3,531.5,10630.0,1328.8
undocumented,5,es,12.0,37.3,1038.4,1075.7,21514.0,2689.2
undocumented,2,es,10.5,37.2,1046.1,1083.3,21666.0,2708.2
DACA,3,en,11.33,19.1,485.8,504.9,10098.0,1262.2
permanent_resident,5,en,12.0,9.3,329.6,338.9,6778.0,847.2
permanent_resident,4,es,10.5,23.4,422.8,446.2,8924.0,1115.5
citizen,1,es,14.0,18.3,376.3,394.6,7892.0,986.5
undocumented,5,es,12.0,36.4,1039.0,1075.4,21508.0,2688.5
permanent_resident,1,en,14.0,22.6,340.8,363.4,7268.0,908.5
undocumented,1,es,9.0,28.7,1015.1,1043.8,20876.0,2609.5
citizen,4,es,11.5,21.5,390.4,411.9,8238.0,1029.8
undocumented,1,es,9.0,24.8,1040.6,1065.4,21308.0,2663.5
citizen,3,en,13.67,13.6,275.9,289.5,5790.0,723.8
citizen,5,es,12.0,22.8,361.3,384.1,7682.0,960.2
permanent_resident,3,es,13.0,21.7,464.5,486.2,9724.0,1215.5
DACA,4,es,12.75,35.1,738.1,773.2,15464.0,1933.0
undocumented,1,en,14.0,33.4,765.9,799.3,15986.0,1998.2
undocumented,3,en,14.67,34.4,775.5,809.9,16198.0,2024.8
permanent_resident,1,es,12.0,29.3,485.9,515.2,10304.0,1288.0
undocumented,1,en,7.0,19.8,754.0,773.8,15476.0,1934.5
undocumented,1,es,18.0,83.3,1033.0,1116.3,22326.0,2790.8
undocumented,1,es,9.0,27.4,929.4,956.8,19136.0,2392.0
DACA,2,en,12.5,20.5,527.7,548.2,10964.0,1370.5
permanent_resident,3,en,9.33,14.4,358.8,373.2,7464.0,933.0
DACA,4,en,12.75,24.1,525.5,549.6,10992.0,1374.0
undocumented,2,en,11.5,28.3,761.0,789.3,15786.0,1973.2
undocumented,3,es,13.0,41.5,1086.3,1127.8,22556.0,2819.5
undocumented,5,en,12.0,25.0,711.8,736.8,14736.0,1842.0
citizen,1,en,12.0,11.5,232.8,244.3,4886.0,610.8
permanent_resident,1,es,12.0,24.3,473.1,497.4,9948.0,1243.5
citizen,4,en,13.25,10.6,249.1,259.7,5194.0,649.2
DACA,3,es,11.0,29.3,712.9,742.2,14844.0,1855.5
undocumented,2,en,15.0,32.4,715.3,747.7,14954.0,1869.2
DACA,5,es,12.0,30.1,705.2,735.3,14706.0,1838.2
citizen,3,es,11.33,19.5,380.6,400.1,8002.0,1000.2
citizen,3,en,13.67,11.4,273.3,284.7,5694.0,711.8
DACA,2,es,13.0,32.5,712.6,745.1,14902.0,1862.8
citizen,2,es,9.5,28.3,292.1,320.4,6408.0,801.0
citizen,1,en,12.0,15.1,280.1,295.2,5904.0,738.0
permanent_resident,4,en,13.25,20.2,375.8,396.0,7920.0,990.0
DACA,2,es,10.5,21.8,698.1,719.9,14398.0,1799.8
citizen,1,en,7.0,8.0,265.8,273.8,5476.0,684.5
DACA,3,es,11.33,33.9,766.9,800.8,16016.0,2002.0
permanent_resident,2,en,13.5,16.8,356.9,373.7,7474.0,934.2
DACA,4,es,12.75,30.0,717.2,747.2,14944.0,1868.0
undocumented,3,en,10.0,22.9,754.6,777.5,15550.0,1943.8
DACA,3,en,11.33,18.3,525.2,543.5,10870.0,1358.8
citizen,5,es,12.0,21.1,393.0,414.1,8282.0,1035.2
undocumented,5,en,12.0,28.9,764.4,793.3,15866.0,1983.2
DACA,2,en,10.5,15.6,563.1,578.7,11574.0,1446.8
permanent_resident,5,en,12.0,13.9,287.7,301.6,6032.0,754.0
citizen,3,en,13.67,14.0,251.5,265.5,5310.0,663.8
permanent_resident,4,en,12.0,16.1,366.0,382.1,7642.0,955.2
permanent_resident,3,en,11.0,14.9,351.2,366.1,7322.0,915.2
undocumented,3,es,11.0,36.8,1058.8,1095.6,21912.0,2739.0
undocumented,2,en,10.5,47.2,747.8,795.0,15900.0,1987.5
DACA,3,en,13.67,23.3,531.0,554.3,11086.0,1385.8
permanent_resident,4,en,12.75,16.1,342.7,358.8,7176.0,897.0
undocumented,3,en,12.33,33.2,716.0,749.2,14984.0,1873.0
DACA,1,es,14.0,40.4,694.4,734.8,14696.0,1837.0
permanent_resident,3,es,11.33,20.0,452.6,472.6,9452.0,1181.5
permanent_resident,1,en,14.0,18.3,369.1,387.4,7748.0,968.5
permanent_resident,3,en,14.67,16.0,283.2,299.2,5984.0,748.0
citizen,1,en,9.0,5.1,260.9,266.0,5320.0,665.0
citizen,1,en,7.0,8.1,265.8,273.9,5478.0,684.8
permanent_resident,3,en,13.67,20.0,310.9,330.9,6618.0,827.2
permanent_resident,5,en,12.0,15.2,323.8,339.0,6780.0,847.5
permanent_resident,5,es,12.0,23.2,497.0,520.2,10404.0,1300.5
citizen,2,en,13.0,15.2,263.8,279.0,5580.0,697.5
citizen,2,es,10.5,17.3,401.8,419.1,8382.0,1047.8
undocumented,3,es,9.33,27.0,1046.0,1073.0,21460.0,2682.5
undocumented,2,en,12.5,28.9,708.3,737.2,14744.0,1843.0
undocumented,2,en,13.5,33.8,747.0,780.8,15616.0,1952.0
permanent_resident,1,en,12.0,13.5,393.1,406.6,8132.0,1016.5
citizen,3,es,12.33,19.2,340.2,359.4,7188.0,898.5
citizen,1,en,14.0,16.3,238.6,254.9,5098.0,637.2
undocumented,5,es,12.0,40.3,1037.8,1078.1,21562.0,2695.2
permanent_resident,1,es,7.0,17.2,499.2,516.4,10328.0,1291.0
DACA,2,es,13.5,27.4,696.3,723.7,14474.0,1809.2
permanent_resident,2,en,13.0,17.8,398.4,416.2,8324.0,1040.5
citizen,4,en,13.25,12.4,270.3,282.7,5654.0,706.8
undocumented,3,en,13.0,27.7,734.3,762.0,15240.0,1905.0
citizen,4,es,12.0,18.4,358.9,377.3,7546.0,943.2
DACA,2,es,13.5,33.0,658.8,691.8,13836.0,1729.5
citizen,1,en,14.0,9.2,249.2,258.4,5168.0,646.0
DACA,2,es,10.5,28.2,731.5,759.7,15194.0,1899.2
citizen,2,en,16.0,19.4,172.9,192.3,3846.0,480.8
DACA,5,es,12.0,44.9,785.9,830.8,16616.0,2077.0
DACA,2,en,16.0,30.3,521.0,551.3,11026.0,1378.2
undocumented,2,es,16.0,50.8,1039.6,1090.4,21808.0,2726.0
citizen,4,es,12.75,16.1,390.7,406.8,8136.0,1017.0
DACA,4,es,11.5,27.9,735.1,763.0,15260.0,1907.5
permanent_resident,3,en,12.33,11.9,363.7,375.6,7512.0,939.0
DACA,3,es,13.0,30.5,677.0,707.5,14150.0,1768.8
permanent_resident,3,en,12.33,14.8,341.4,356.2,7124.0,890.5
DACA,2,es,12.5,28.6,694.6,723.2,14464.0,1808.0
permanent_resident,1,es,9.0,20.4,474.6,495.0,9900.0,1237.5
DACA,1,es,14.0,28.4,649.8,678.2,13564.0,1695.5
DACA,4,es,12.0,31.4,718.6,750.0,15000.0,1875.0
citizen,1,es,14.0,19.7,353.1,372.8,7456.0,932.0
citizen,1,es,18.0,25.3,371.6,396.9,7938.0,992.2
undocumented,3,es,13.0,44.4,1030.3,1074.7,21494.0,2686.8
undocumented,5,es,12.0,41.4,1021.5,1062.9,21258.0,2657.2
undocumented,2,en,16.0,37.9,744.0,781.9,15638.0,1954.8
undocumented,2,en,12.5,25.0,740.8,765.8,15316.0,1914.5
citizen,1,es,12.0,20.0,395.5,415.5,8310.0,1038.8
permanent_resident,4,en,11.5,14.2,356.5,370.7,7414.0,926.8
DACA,5,en,12.0,18.2,511.2,529.4,10588.0,1323.5
undocumented,5,es,12.0,36.3,1077.1,1113.4,22268.0,2783.5
DACA,5,es,12.0,30.8,712.8,743.6,14872.0,1859.0
undocumented,5,en,12.0,27.7,736.7,764.4,15288.0,1911.0
permanent_resident,4,es,13.25,24.6,461.5,486.1,9722.0,1215.2
permanent_resident,1,en,18.0,26.0,342.7,368.7,7374.0,921.8
undocumented,1,en,18.0,39.8,732.5,772.3,15446.0,1930.8
citizen,2,en,16.0,17.5,278.5,296.0,5920.0,740.0
citizen,2,es,11.5,21.9,350.6,372.5,7450.0,931.2
undocumented,1,en,12.0,32.1,726.3,758.4,15168.0,1896.0
permanent_resident,5,es,12.0,26.3,472.6,498.9,9978.0,1247.2
undocumented,3,es,11.67,34.3,1047.4,1081.7,21634.0,2704.2
DACA,3,es,13.0,32.2,693.3,725.5,14510.0,1813.8
DACA,4,es,10.5,26.1,708.9,735.0,14700.0,1837.5
undocumented,3,en,12.33,29.9,768.2,798.1,15962.0,1995.2
undocumented,3,es,14.67,45.4,961.4,1006.8,20136.0,2517.0
undocumented,5,es,12.0,37.6,1083.1,1120.7,22414.0,2801.8
DACA,5,en,12.0,23.5,516.9,540.4,10808.0,1351.0
undocumented,3,es,10.0,34.0,1058.6,1092.6,21852.0,2731.5
permanent_resident,2,en,11.5,15.4,345.8,361.2,7224.0,903.0
DACA,3,es,12.33,25.5,719.1,744.6,14892.0,1861.5
DACA,1,es,9.0,28.3,703.1,731.4,14628.0,1828.5
DACA,4,es,12.0,30.3,700.9,731.2,14624.0,1828.0
DACA,2,es,13.5,31.7,688.6,720.3,14406.0,1800.8
undocumented,1,en,14.0,33.2,783.1,816.3,16326.0,2040.8
citizen,2,es,12.5,32.4,372.9,405.3,8106.0,1013.2
DACA,4,es,12.0,27.6,685.2,712.8,14256.0,1782.0
citizen,2,es,16.0,21.0,395.0,416.0,8320.0,1040.0
DACA,2,es,11.5,30.1,666.9,697.0,13940.0,1742.5
citizen,2,es,13.0,17.4,347.1,364.5,7290.0,911.2
citizen,3,es,13.0,19.8,364.0,383.8,7676.0,959.5
permanent_resident,3,en,14.67,17.5,313.0,330.5,6610.0,826.2
undocumented,1,es,7.0,23.6,1091.9,1115.5,22310.0,2788.8
citizen,4,en,13.25,25.0,295.6,320.6,6412.0,801.5
citizen,2,es,16.0,26.6,347.9,374.5,7490.0,936.2
DACA,3,es,10.0,27.3,706.7,734.0,14680.0,1835.0
undocumented,1,en,14.0,41.1,719.4,760.5,15210.0,1901.2
citizen,3,es,9.33,15.8,396.6,412.4,8248.0,1031.0
citizen,5,en,12.0,1.0,273.3,274.3,5486.0,685.8
citizen,2,es,10.5,22.3,366.0,388.3,7766.0,970.8
permanent_resident,1,es,12.0,21.8,481.6,503.4,10068.0,1258.5
undocumented,2,es,9.5,32.4,1040.1,1072.5,21450.0,2681.2
citizen,5,en,12.0,10.1,262.9,273.0,5460.0,682.5
DACA,3,en,12.33,23.1,595.4,618.5,12370.0,1546.2
DACA,1,es,12.0,31.4,708.7,740.1,14802.0,1850.2
permanent_resident,4,es,10.5,23.1,482.8,505.9,10118.0,1264.8
DACA,1,en,12.0,19.9,478.1,498.0,9960.0,1245.0
undocumented,3,es,10.0,29.9,920.9,950.8,19016.0,2377.0
citizen,3,es,10.0,19.9,372.0,391.9,7838.0,979.8
undocumented,3,es,13.0,54.2,1053.4,1107.6,22152.0,2769.0
citizen,1,en,7.0,6.0,265.7,271.7,5434.0,679.2
citizen,5,es,12.0,21.0,367.3,388.3,7766.0,970.8
DACA,5,es,12.0,30.3,736.5,766.8,15336.0,1917.0
undocumented,1,es,9.0,31.7,1026.6,1058.3,21166.0,2645.8
permanent_resident,1,en,9.0,13.6,308.4,322.0,6440.0,805.0
citizen,1,en,18.0,15.0,265.8,280.8,5616.0,702.0
permanent_resident,1,es,18.0,36.5,493.1,529.6,10592.0,1324.0
DACA,1,en,7.0,14.8,524.7,539.5,10790.0,1348.8
DACA,5,en,12.0,32.0,359.1,391.1,7822.0,977.8
DACA,4,es,13.25,33.7,707.1,740.8,14816.0,1852.0
citizen,4,en,12.0,26.8,214.7,241.5,4830.0,603.8
citizen,1,en,9.0,10.7,265.8,276.5,5530.0,691.2
permanent_resident,2,es,11.5,27.6,478.7,506.3,10126.0,1265.8
permanent_resident,1,es,18.0,38.6,612.5,651.1,13022.0,1627.8
undocumented,2,es,11.5,35.8,1056.1,1091.9,21838.0,2729.8
citizen,1,es,14.0,23.3,386.1,409.4,8188.0,1023.5
DACA,1,en,14.0,24.1,490.6,514.7,10294.0,1286.8
citizen,3,en,13.0,20.8,295.9,316.7,6334.0,791.8
citizen,3,es,11.0,17.7,379.9,397.6,7952.0,994.0
DACA,4,es,11.5,33.5,705.5,739.0,14780.0,1847.5
DACA,2,es,13.5,32.3,666.6,698.9,13978.0,1747.2
DACA,3,es,11.67,26.0,734.7,760.7,15214.0,1901.8
citizen,3,en,10.0,12.4,255.8,268.2,5364.0,670.5
undocumented,4,en,10.5,26.9,746.3,773.2,15464.0,1933.0
undocumented,3,es,9.33,27.0,1021.8,1048.8,20976.0,2622.0
citizen,2,en,10.5,11.9,245.0,256.9,5138.0,642.2
DACA,1,en,7.0,1.0,526.5,527.5,10550.0,1318.8
DACA,4,es,10.5,13.7,711.5,725.2,14504.0,1813.0
citizen,2,es,10.5,22.5,356.8,379.3,7586.0,948.2
permanent_resident,3,es,13.0,22.6,464.8,487.4,9748.0,1218.5
permanent_resident,4,es,12.0,20.2,461.1,481.3,9626.0,1203.2
permanent_resident,5,es,12.0,23.2,453.0,476.2,9524.0,1190.5
DACA,2,es,16.0,38.7,714.6,753.3,15066.0,1883.2
DACA,2,en,13.5,26.7,500.5,527.2,10544.0,1318.0
DACA,1,en,14.0,30.3,521.8,552.1,11042.0,1380.2
DACA,3,en,9.33,19.5,529.0,548.5,10970.0,1371.2
citizen,3,es,14.67,23.4,395.4,418.8,8376.0,1047.0
permanent_resident,3,en,9.33,14.6,338.2,352.8,7056.0,882.0
DACA,5,en,12.0,25.0,494.8,519.8,10396.0,1299.5
undocumented,5,es,12.0,34.9,1041.7,1076.6,21532.0,2691.5
permanent_resident,4,en,12.0,12.7,325.9,338.6,6772.0,846.5
permanent_resident,4,es,12.0,20.6,501.0,521.6,10432.0,1304.0
undocumented,1,en,12.0,28.9,779.5,808.4,16168.0,2021.0
DACA,3,es,13.67,34.0,762.6,796.6,15932.0,1991.5
DACA,2,en,9.5,14.4,498.8,513.2,10264.0,1283.0
DACA,1,en,14.0,27.0,628.6,655.6,13112.0,1639.0
permanent_resident,5,en,12.0,16.3,325.8,342.1,6842.0,855.2
DACA,2,en,16.0,24.0,497.1,521.1,10422.0,1302.8
permanent_resident,1,en,7.0,10.7,347.4,358.1,7162.0,895.2
permanent_resident,4,es,12.0,26.4,481.1,507.5,10150.0,1268.8
DACA,1,en,14.0,32.3,500.1,532.4,10648.0,1331.0
undocumented,3,es,13.0,38.8,1071.9,1110.7,22214.0,2776.8
undocumented,1,es,18.0,49.1,1076.7,1125.8,22516.0,2814.5
citizen,5,en,12.0,14.2,230.8,245.0,4900.0,612.5
undocumented,1,en,14.0,28.9,827.9,856.8,17136.0,2142.0
DACA,1,es,9.0,20.1,731.0,751.1,15022.0,1877.8
permanent_resident,2,es,12.5,22.1,443.7,465.8,9316.0,1164.5
permanent_resident,2,en,13.5,15.1,357.0,372.1,7442.0,930.2
DACA,2,en,10.5,27.1,457.5,484.6,9692.0,1211.5
DACA,4,es,12.75,31.3,685.9,717.2,14344.0,1793.0
DACA,5,en,12.0,21.1,511.9,533.0,10660.0,1332.5
undocumented,4,en,13.25,32.1,751.7,783.8,15676.0,1959.5
citizen,1,en,12.0,10.3,288.9,299.2,5984.0,748.0
citizen,2,es,11.5,22.7,396.9,419.6,8392.0,1049.0
permanent_resident,1,es,9.0,20.2,494.4,514.6,10292.0,1286.5
permanent_resident,2,es,8.0,18.7,491.6,510.3,10206.0,1275.8
permanent_resident,2,es,13.0,14.2,470.7,484.9,9698.0,1212.2
permanent_resident,3,en,13.0,17.7,328.6,346.3,6926.0,865.8
undocumented,2,en,10.5,23.0,728.3,751.3,15026.0,1878.2
undocumented,3,en,11.67,35.8,745.7,781.5,15630.0,1953.8
undocumented,2,en,9.5,24.2,750.5,774.7,15494.0,1936.8
citizen,1,en,14.0,14.2,275.0,289.2,5784.0,723.0
permanent_resident,2,es,9.5,17.2,469.9,487.1,9742.0,1217.8
permanent_resident,3,es,11.0,20.0,482.9,502.9,10058.0,1257.2
citizen,1,es,9.0,18.5,349.8,368.3,7366.0,920.8
citizen,1,en,12.0,11.6,253.6,265.2,5304.0,663.0
undocumented,2,en,16.0,39.9,748.9,788.8,15776.0,1972.0
DACA,2,es,13.0,28.9,682.1,711.0,14220.0,1777.5
DACA,3,es,13.0,28.5,724.8,753.3,15066.0,1883.2
undocumented,2,en,16.0,36.8,755.2,792.0,15840.0,1980.0
undocumented,5,es,12.0,36.3,1041.6,1077.9,21558.0,2694.8
citizen,2,en,9.5,13.5,213.4,226.9,4538.0,567.2
permanent_resident,1,en,14.0,21.6,363.6,385.2,7704.0,963.0
permanent_resident,2,en,13.0,15.7,362.5,378.2,7564.0,945.5
permanent_resident,2,es,11.5,22.2,500.0,522.2,10444.0,1305.5
DACA,2,en,10.5,19.9,550.4,570.3,11406.0,1425.8
permanent_resident,2,es,11.5,18.2,477.3,495.5,9910.0,1238.8
undocumented,2,es,9.5,40.0,1054.4,1094.4,21888.0,2736.0
DACA,3,en,13.0,18.7,413.4,432.1,8642.0,1080.2
DACA,2,es,9.5,23.6,725.6,749.2,14984.0,1873.0
undocumented,3,es,14.67,38.7,1040.0,1078.7,21574.0,2696.8
DACA,1,es,7.0,30.7,713.9,744.6,14892.0,1861.5
citizen,5,en,12.0,16.8,201.3,218.1,4362.0,545.2
undocumented,5,es,12.0,35.0,1050.6,1085.6,21712.0,2714.0
undocumented,2,es,13.0,45.1,1010.5,1055.6,21112.0,2639.0
citizen,1,en,12.0,10.3,278.3,288.6,5772.0,721.5
undocumented,2,en,13.5,32.1,768.5,800.6,16012.0,2001.5
citizen,5,en,12.0,3.6,239.6,243.2,4864.0,608.0
permanent_resident,2,en,9.5,7.7,368.8,376.5,7530.0,941.2
undocumented,3,es,14.67,42.6,1041.2,1083.8,21676.0,2709.5
citizen,3,en,11.33,18.3,242.7,261.0,5220.0,652.5
citizen,2,es,13.5,19.6,424.5,444.1,8882.0,1110.2
citizen,1,en,7.0,11.1,266.9,278.0,5560.0,695.0
citizen,3,es,14.67,26.6,386.8,413.4,8268.0,1033.5
citizen,4,es,13.25,18.3,336.2,354.5,7090.0,886.2
citizen,3,en,12.33,12.0,343.0,355.0,7100.0,887.5
DACA,5,es,12.0,31.4,660.5,691.9,13838.0,1729.8
citizen,3,es,11.67,21.3,360.3,381.6,7632.0,954.0
DACA,2,en,16.0,20.7,516.8,537.5,10750.0,1343.8
permanent_resident,2,es,11.5,21.3,468.5,489.8,9796.0,1224.5
citizen,2,es,13.0,17.9,384.1,402.0,8040.0,1005.0
citizen,2,en,10.5,10.0,251.6,261.6,5232.0,654.0
permanent_resident,2,en,16.0,18.0,364.3,382.3,7646.0,955.8
citizen,2,es,16.0,29.7,368.4,398.1,7962.0,995.2
undocumented,1,en,18.0,38.8,693.7,732.5,14650.0,1831.2
undocumented,1,en,18.0,37.2,754.8,792.0,15840.0,1980.0
DACA,3,es,11.67,27.0,706.9,733.9,14678.0,1834.8
DACA,2,es,8.0,24.4,681.8,706.2,14124.0,1765.5
DACA,3,es,11.33,26.4,756.8,783.2,15664.0,1958.0
permanent_resident,5,es,12.0,7.3,503.0,510.3,10206.0,1275.8
citizen,1,en,9.0,10.3,272.4,282.7,5654.0,706.8
undocumented,5,es,12.0,42.0,1051.4,1093.4,21868.0,2733.5
citizen,3,en,11.67,15.4,259.8,275.2,5504.0,688.0
citizen,5,en,12.0,13.9,260.6,274.5,5490.0,686.2
citizen,1,en,18.0,19.4,348.7,368.1,7362.0,920.2
DACA,2,es,15.0,33.3,718.0,751.3,15026.0,1878.2
DACA,2,es,8.0,23.1,703.7,726.8,14536.0,1817.0
DACA,4,es,13.25,29.8,688.0,717.8,14356.0,1794.5
permanent_resident,2,en,12.5,16.7,350.2,366.9,7338.0,917.2
citizen,2,en,11.5,9.3,292.5,301.8,6036.0,754.5
undocumented,3,en,9.33,24.9,755.0,779.9,15598.0,1949.8
undocumented,1,es,18.0,46.8,1040.1,1086.9,21738.0,2717.2
permanent_resident,2,es,10.5,19.7,478.6,498.3,9966.0,1245.8
citizen,2,en,13.0,12.5,277.6,290.1,5802.0,725.2
citizen,3,es,11.0,18.0,399.4,417.4,8348.0,1043.5
undocumented,2,en,13.0,32.0,744.0,776.0,15520.0,1940.0
citizen,3,en,13.0,10.0,277.0,287.0,5740.0,717.5
citizen,2,es,16.0,29.5,380.3,409.8,8196.0,1024.5
citizen,3,es,11.33,21.4,405.8,427.2,8544.0,1068.0
DACA,4,es,13.25,32.7,703.3,736.0,14720.0,1840.0
undocumented,3,en,11.0,31.6,739.4,771.0,15420.0,1927.5
DACA,3,en,11.33,14.5,559.0,573.5,11470.0,1433.8
DACA,1,es,7.0,23.0,723.2,746.2,14924.0,1865.5
undocumented,2,en,11.5,28.3,673.9,702.2,14044.0,1755.5
citizen,5,en,12.0,14.8,284.7,299.5,5990.0,748.8
permanent_resident,4,es,13.25,22.1,480.3,502.4,10048.0,1256.0
citizen,1,en,14.0,16.8,264.2,281.0,5620.0,702.5
citizen,4,en,10.5,7.4,281.6,289.0,5780.0,722.5
citizen,2,en,10.5,9.7,231.8,241.5,4830.0,603.8
DACA,3,es,13.67,43.9,707.6,751.5,15030.0,1878.8
citizen,1,en,12.0,16.5,254.3,270.8,5416.0,677.0
citizen,3,es,11.0,17.4,376.4,393.8,7876.0,984.5
permanent_resident,2,en,15.0,21.6,346.9,368.5,7370.0,921.2
permanent_resident,1,es,7.0,18.7,472.5,491.2,9824.0,1228.0
DACA,3,en,14.67,29.1,517.4,546.5,10930.0,1366.2
citizen,4,en,12.75,12.5,248.4,260.9,5218.0,652.2
citizen,2,en,13.5,14.1,271.1,285.2,5704.0,713.0
citizen,5,en,12.0,10.9,252.5,263.4,5268.0,658.5
permanent_resident,1,en,12.0,18.3,298.0,316.3,6326.0,790.8
DACA,5,en,12.0,19.2,500.4,519.6,10392.0,1299.0
citizen,3,es,11.33,18.8,379.1,397.9,7958.0,994.8
permanent_resident,1,en,7.0,10.3,367.4,377.7,7554.0,944.2
permanent_resident,4,en,13.25,15.3,381.3,396.6,7932.0,991.5
permanent_resident,2,en,10.5,11.7,339.9,351.6,7032.0,879.0
citizen,2,en,9.5,12.3,263.7,276.0,5520.0,690.0
DACA,5,en,12.0,21.5,521.1,542.6,10852.0,1356.5
undocumented,1,en,18.0,44.3,748.7,793.0,15860.0,1982.5
citizen,3,en,11.0,1.0,275.0,276.0,5520.0,690.0
undocumented,3,es,12.33,38.8,1081.1,1119.9,22398.0,2799.8
DACA,3,es,13.0,29.5,748.0,777.5,15550.0,1943.8
citizen,3,en,12.33,13.9,274.9,288.8,5776.0,722.0
undocumented,2,es,8.0,37.8,1049.0,1086.8,21736.0,2717.0
permanent_resident,2,en,13.0,20.5,327.4,347.9,6958.0,869.8
undocumented,5,en,12.0,26.6,744.7,771.3,15426.0,1928.2
permanent_resident,3,en,14.67,19.6,348.5,368.1,7362.0,920.2
undocumented,2,es,13.0,32.6,1099.5,1132.1,22642.0,2830.2
undocumented,3,es,11.0,35.4,1041.4,1076.8,21536.0,2692.0
permanent_resident,1,es,12.0,22.4,466.9,489.3,9786.0,1223.2
undocumented,3,es,13.0,39.4,1048.2,1087.6,21752.0,2719.0
permanent_resident,2,en,16.0,21.3,342.6,363.9,7278.0,909.8
DACA,1,en,12.0,28.8,431.7,460.5,9210.0,1151.2
permanent_resident,3,en,11.33,14.3,327.4,341.7,6834.0,854.2
citizen,3,es,9.33,19.2,364.6,383.8,7676.0,959.5
undocumented,5,en,12.0,23.1,738.9,762.0,15240.0,1905.0
citizen,3,en,10.0,12.2,271.4,283.6,5672.0,709.0
undocumented,5,en,12.0,22.8,739.7,762.5,15250.0,1906.2
permanent_resident,1,es,18.0,31.9,480.8,512.7,10254.0,1281.8
permanent_resident,5,es,12.0,21.9,578.7,600.6,12012.0,1501.5
DACA,2,es,11.5,27.9,687.7,715.6,14312.0,1789.0
DACA,3,en,13.0,20.2,487.2,507.4,10148.0,1268.5
DACA,5,es,12.0,30.9,671.1,702.0,14040.0,1755.0
permanent_resident,3,es,11.33,22.8,503.1,525.9,10518.0,1314.8
citizen,2,en,10.5,10.9,269.1,280.0,5600.0,700.0
citizen,3,es,13.67,18.7,410.1,428.8,8576.0,1072.0
permanent_resident,2,es,15.0,28.1,453.4,481.5,9630.0,1203.8
citizen,3,es,11.0,20.6,377.8,398.4,7968.0,996.0
permanent_resident,5,es,12.0,21.6,445.1,466.7,9334.0,1166.8
undocumented,3,en,13.0,27.0,750.2,777.2,15544.0,1943.0
citizen,1,en,9.0,6.5,265.7,272.2,5444.0,680.5
DACA,4,es,11.5,28.2,702.9,731.1,14622.0,1827.8
DACA,1,en,18.0,33.8,446.5,480.3,9606.0,1200.8
DACA,2,en,15.0,27.6,543.1,570.7,11414.0,1426.8
undocumented,3,es,10.0,33.7,1019.4,1053.1,21062.0,2632.8
DACA,3,es,9.33,38.9,688.7,727.6,14552.0,1819.0
DACA,1,en,14.0,25.9,521.1,547.0,10940.0,1367.5
DACA,3,es,13.0,30.1,681.9,712.0,14240.0,1780.0
undocumented,3,es,13.67,40.9,1042.6,1083.5,21670.0,2708.8
citizen,5,en,12.0,11.1,249.5,260.6,5212.0,651.5
DACA,1,es,12.0,29.8,702.1,731.9,14638.0,1829.8
citizen,2,es,13.0,18.9,388.7,407.6,8152.0,1019.0
citizen,1,en,9.0,11.1,185.2,196.3,3926.0,490.8
permanent_resident,3,es,10.0,19.5,491.9,511.4,10228.0,1278.5
DACA,3,es,10.0,24.3,780.2,804.5,16090.0,2011.2
undocumented,4,es,11.5,27.7,1008.0,1035.7,20714.0,2589.2
DACA,1,en,14.0,28.3,473.7,502.0,10040.0,1255.0
undocumented,4,en,10.5,27.0,735.5,762.5,15250.0,1906.2
DACA,1,en,18.0,31.9,528.6,560.5,11210.0,1401.2
undocumented,1,en,7.0,24.6,738.2,762.8,15256.0,1907.0
DACA,4,en,12.0,17.8,522.8,540.6,10812.0,1351.5
citizen,5,es,12.0,20.8,388.8,409.6,8192.0,1024.0
DACA,2,en,12.5,19.7,496.9,516.6,10332.0,1291.5
undocumented,5,en,12.0,30.7,754.1,784.8,15696.0,1962.0
citizen,1,en,18.0,17.6,262.6,280.2,5604.0,700.5
permanent_resident,2,en,13.5,19.0,333.0,352.0,7040.0,880.0
citizen,3,es,13.67,25.0,429.6,454.6,9092.0,1136.5
DACA,3,en,11.67,12.8,492.9,505.7,10114.0,1264.2
permanent_resident,3,en,11.0,17.2,282.4,299.6,5992.0,749.0
DACA,3,es,11.67,32.0,675.6,707.6,14152.0,1769.0
permanent_resident,2,en,16.0,18.2,336.0,354.2,7084.0,885.5
permanent_resident,4,en,12.0,19.2,327.8,347.0,6940.0,867.5
DACA,1,en,14.0,28.4,555.2,583.6,11672.0,1459.0
DACA,2,en,10.5,16.4,531.1,547.5,10950.0,1368.8
undocumented,3,en,13.0,26.4,751.8,778.2,15564.0,1945.5
undocumented,4,es,12.0,35.0,1040.6,1075.6,21512.0,2689.0
permanent_resident,1,en,9.0,10.5,373.2,383.7,7674.0,959.2
DACA,3,en,13.0,22.4,550.9,573.3,11466.0,1433.2
DACA,2,es,11.5,28.9,665.5,694.4,13888.0,1736.0
citizen,1,en,7.0,16.3,289.1,305.4,6108.0,763.5
permanent_resident,3,en,13.67,18.5,348.3,366.8,7336.0,917.0
DACA,2,es,11.5,27.2,696.7,723.9,14478.0,1809.8
permanent_resident,2,en,13.0,12.8,343.4,356.2,7124.0,890.5
undocumented,3,en,10.0,25.5,779.1,804.6,16092.0,2011.5
permanent_resident,1,es,7.0,17.3,442.1,459.4,9188.0,1148.5
undocumented,1,en,7.0,21.3,742.1,763.4,15268.0,1908.5
undocumented,3,en,13.67,24.7,751.0,775.7,15514.0,1939.2
DACA,3,en,11.33,16.6,518.0,534.6,10692.0,1336.5
undocumented,5,es,12.0,36.7,1041.7,1078.4,21568.0,2696.0
DACA,5,en,12.0,17.3,413.0,430.3,8606.0,1075.8
DACA,2,en,15.0,28.2,504.8,533.0,10660.0,1332.5
citizen,5,es,12.0,22.2,362.9,385.1,7702.0,962.8
DACA,4,es,12.75,31.8,726.7,758.5,15170.0,1896.2
DACA,4,en,12.75,26.1,494.6,520.7,10414.0,1301.8
undocumented,5,es,12.0,33.3,1048.6,1081.9,21638.0,2704.8
undocumented,3,en,11.67,29.7,763.4,793.1,15862.0,1982.8
DACA,4,es,13.25,34.4,708.5,742.9,14858.0,1857.2
permanent_resident,3,es,13.0,25.8,478.6,504.4,10088.0,1261.0
permanent_resident,1,en,14.0,21.0,341.7,362.7,7254.0,906.8
undocumented,1,es,14.0,40.1,1048.5,1088.6,21772.0,2721.5
permanent_resident,2,es,15.0,26.0,472.9,498.9,9978.0,1247.2
citizen,1,en,18.0,17.2,309.6,326.8,6536.0,817.0
citizen,1,es,7.0,10.2,402.4,412.6,8252.0,1031.5
citizen,4,es,10.5,18.1,377.0,395.1,7902.0,987.8
permanent_resident,3,en,10.0,16.9,359.2,376.1,7522.0,940.2
permanent_resident,5,es,12.0,20.7,487.9,508.6,10172.0,1271.5
DACA,3,en,13.0,29.1,598.9,628.0,12560.0,1570.0
permanent_resident,1,en,9.0,14.1,376.2,390.3,7806.0,975.8
citizen,2,en,13.0,20.3,260.1,280.4,5608.0,701.0
DACA,1,en,18.0,46.9,504.1,551.0,11020.0,1377.5
undocumented,2,en,10.5,20.9,611.1,632.0,12640.0,1580.0
undocumented,4,en,10.5,22.9,744.0,766.9,15338.0,1917.2
citizen,1,en,18.0,18.2,262.9,281.1,5622.0,702.8
undocumented,1,en,12.0,29.2,729.5,758.7,15174.0,1896.8
DACA,3,es,13.0,26.0,723.7,749.7,14994.0,1874.2
undocumented,3,en,13.0,35.1,710.3,745.4,14908.0,1863.5
permanent_resident,3,en,13.67,21.1,345.1,366.2,7324.0,915.5
DACA,3,en,13.0,21.8,438.4,460.2,9204.0,1150.5
permanent_resident,3,en,13.0,16.2,290.7,306.9,6138.0,767.2
citizen,1,es,12.0,21.9,378.2,400.1,8002.0,1000.2
DACA,3,es,11.33,28.1,784.0,812.1,16242.0,2030.2
undocumented,3,en,9.33,23.6,738.0,761.6,15232.0,1904.0
DACA,3,en,13.67,27.2,493.6,520.8,10416.0,1302.0
undocumented,2,en,12.5,16.1,755.8,771.9,15438.0,1929.8
citizen,2,en,13.0,18.1,279.4,297.5,5950.0,743.8
citizen,1,en,14.0,15.3,261.5,276.8,5536.0,692.0
DACA,2,es,13.0,30.7,674.2,704.9,14098.0,1762.2
citizen,4,en,11.5,8.0,238.5,246.5,4930.0,616.2
DACA,3,en,13.0,23.0,494.1,517.1,10342.0,1292.8
citizen,2,en,10.5,16.6,274.7,291.3,5826.0,728.2
undocumented,2,en,10.5,25.1,744.0,769.1,15382.0,1922.8
permanent_resident,2,es,11.5,18.6,474.8,493.4,9868.0,1233.5
undocumented,1,en,12.0,27.6,730.9,758.5,15170.0,1896.2
undocumented,2,en,16.0,38.0,743.4,781.4,15628.0,1953.5
DACA,4,es,10.5,23.1,708.4,731.5,14630.0,1828.8
undocumented,2,en,15.0,31.4,756.1,787.5,15750.0,1968.8
citizen,1,es,9.0,19.0,431.3,450.3,9006.0,1125.8
undocumented,3,en,11.0,23.0,723.9,746.9,14938.0,1867.2
permanent_resident,2,es,9.5,24.7,497.9,522.6,10452.0,1306.5
DACA,3,es,9.33,25.7,706.8,732.5,14650.0,1831.2
DACA,3,en,11.33,18.7,512.9,531.6,10632.0,1329.0
DACA,3,en,9.33,17.6,471.8,489.4,9788.0,1223.5
permanent_resident,4,en,12.75,19.4,266.8,286.2,5724.0,715.5
undocumented,3,en,13.67,34.1,751.3,785.4,15708.0,1963.5
DACA,4,en,12.0,20.8,502.9,523.7,10474.0,1309.2
DACA,5,es,12.0,25.9,703.4,729.3,14586.0,1823.2
undocumented,1,en,7.0,20.4,770.4,790.8,15816.0,1977.0
DACA,2,en,9.5,22.7,512.2,534.9,10698.0,1337.2
citizen,1,en,18.0,12.0,278.1,290.1,5802.0,725.2
citizen,2,en,15.0,15.9,261.2,277.1,5542.0,692.8
permanent_resident,3,en,14.67,3.5,335.7,339.2,6784.0,848.0
citizen,1,es,12.0,14.1,375.8,389.9,7798.0,974.8
permanent_resident,3,es,14.67,24.5,455.4,479.9,9598.0,1199.8
DACA,1,es,12.0,30.3,684.6,714.9,14298.0,1787.2
DACA,5,en,12.0,22.4,511.8,534.2,10684.0,1335.5
undocumented,2,en,8.0,17.5,738.9,756.4,15128.0,1891.0
citizen,1,en,7.0,11.3,252.4,263.7,5274.0,659.2
undocumented,1,es,7.0,21.9,1069.2,1091.1,21822.0,2727.8
DACA,1,es,18.0,39.4,698.2,737.6,14752.0,1844.0
DACA,3,es,13.67,44.1,687.0,731.1,14622.0,1827.8
undocumented,4,en,13.25,36.8,752.7,789.5,15790.0,1973.8
citizen,1,es,14.0,19.7,358.5,378.2,7564.0,945.5
citizen,3,en,13.0,7.6,271.7,279.3,5586.0,698.2
citizen,1,es,18.0,25.4,375.6,401.0,8020.0,1002.5
DACA,5,en,12.0,12.3,544.1,556.4,11128.0,1391.0
citizen,2,en,8.0,4.8,250.2,255.0,5100.0,637.5
permanent_resident,4,en,10.5,13.8,348.2,362.0,7240.0,905.0
DACA,5,en,12.0,25.2,524.3,549.5,10990.0,1373.8
citizen,1,es,9.0,15.6,375.2,390.8,7816.0,977.0
DACA,5,en,12.0,20.8,518.5,539.3,10786.0,1348.2
citizen,2,en,16.0,20.0,229.8,249.8,4996.0,624.5
DACA,3,en,9.33,18.4,479.8,498.2,9964.0,1245.5
DACA,5,es,12.0,21.9,694.5,716.4,14328.0,1791.0
citizen,1,en,7.0,9.1,272.1,281.2,5624.0,703.0
citizen,5,en,12.0,15.1,319.5,334.6,6692.0,836.5
DACA,2,en,10.5,20.0,518.7,538.7,10774.0,1346.8
citizen,1,en,7.0,9.1,267.5,276.6,5532.0,691.5
citizen,2,en,12.5,10.8,261.9,272.7,5454.0,681.8
undocumented,3,es,13.0,35.4,1019.2,1054.6,21092.0,2636.5
citizen,5,en,12.0,7.6,253.7,261.3,5226.0,653.2
DACA,3,en,11.0,22.6,452.2,474.8,9496.0,1187.0
DACA,2,es,8.0,26.4,710.3,736.7,14734.0,1841.8
citizen,1,es,7.0,14.2,369.2,383.4,7668.0,958.5
DACA,3,en,11.67,19.5,499.6,519.1,10382.0,1297.8
permanent_resident,1,es,7.0,12.7,496.0,508.7,10174.0,1271.8
citizen,4,en,12.0,7.6,277.2,284.8,5696.0,712.0
undocumented,4,es,12.75,45.9,1060.6,1106.5,22130.0,2766.2
DACA,4,en,10.5,18.5,496.7,515.2,10304.0,1288.0
undocumented,3,en,13.67,17.7,774.4,792.1,15842.0,1980.2
citizen,3,en,13.0,8.0,247.2,255.2,5104.0,638.0
DACA,3,en,13.67,29.0,519.4,548.4,10968.0,1371.0
undocumented,3,en,10.0,22.7,766.5,789.2,15784.0,1973.0
DACA,3,en,11.0,24.2,519.2,543.4,10868.0,1358.5
citizen,4,en,12.75,15.2,278.5,293.7,5874.0,734.2
citizen,3,es,12.33,22.2,390.6,412.8,8256.0,1032.0
DACA,5,es,12.0,27.4,710.3,737.7,14754.0,1844.2
citizen,2,en,16.0,18.4,262.4,280.8,5616.0,702.0
DACA,1,en,18.0,34.1,511.3,545.4,10908.0,1363.5
citizen,2,es,10.5,16.8,370.0,386.8,7736.0,967.0
permanent_resident,1,es,18.0,28.4,498.3,526.7,10534.0,1316.8
permanent_resident,3,en,11.33,11.3,347.1,358.4,7168.0,896.0
undocumented,5,en,12.0,26.2,757.2,783.4,15668.0,1958.5
citizen,2,en,13.0,13.8,272.6,286.4,5728.0,716.0
undocumented,2,es,15.0,39.8,980.2,1020.0,20400.0,2550.0
undocumented,5,en,12.0,30.9,725.9,756.8,15136.0,1892.0
permanent_resident,3,es,11.67,28.2,485.8,514.0,10280.0,1285.0
citizen,2,es,10.5,15.5,351.9,367.4,7348.0,918.5
undocumented,4,en,11.5,29.0,725.9,754.9,15098.0,1887.2
DACA,5,en,12.0,22.5,512.8,535.3,10706.0,1338.2
permanent_resident,3,es,9.33,19.8,505.5,525.3,10506.0,1313.2
permanent_resident,2,es,13.0,26.7,481.3,508.0,10160.0,1270.0
DACA,3,en,9.33,16.2,545.0,561.2,11224.0,1403.0
permanent_resident,2,es,15.0,24.7,480.6,505.3,10106.0,1263.2
permanent_resident,1,es,7.0,17.6,476.3,493.9,9878.0,1234.8
undocumented,3,en,11.0,25.3,754.2,779.5,15590.0,1948.8
undocumented,1,en,12.0,30.5,730.7,761.2,15224.0,1903.0
DACA,2,en,8.0,1.0,518.4,519.4,10388.0,1298.5
permanent_resident,2,en,9.5,14.8,345.4,360.2,7204.0,900.5
citizen,1,es,12.0,21.1,384.1,405.2,8104.0,1013.0
permanent_resident,2,en,11.5,13.7,348.9,362.6,7252.0,906.5
permanent_resident,4,es,12.75,24.8,467.7,492.5,9850.0,1231.2
undocumented,1,en,18.0,42.9,710.8,753.7,15074.0,1884.2
undocumented,4,es,10.5,34.6,1027.1,1061.7,21234.0,2654.2
permanent_resident,2,en,12.5,15.2,324.2,339.4,6788.0,848.5
citizen,1,es,7.0,16.8,316.7,333.5,6670.0,833.8
undocumented,5,en,12.0,27.9,723.9,751.8,15036.0,1879.5
permanent_resident,2,es,8.0,16.2,477.1,493.3,9866.0,1233.2
undocumented,4,es,11.5,34.7,957.2,991.9,19838.0,2479.8
citizen,3,es,13.0,21.2,362.0,383.2,7664.0,958.0
citizen,2,es,15.0,27.1,356.1,383.2,7664.0,958.0
undocumented,3,en,11.0,26.6,783.4,810.0,16200.0,2025.0
DACA,5,es,12.0,34.3,687.3,721.6,14432.0,1804.0
permanent_resident,5,es,12.0,24.4,466.4,490.8,9816.0,1227.0
permanent_resident,2,en,9.5,12.9,355.3,368.2,7364.0,920.5
permanent_resident,2,es,10.5,23.6,490.1,513.7,10274.0,1284.2
permanent_resident,2,es,10.5,20.7,534.0,554.7,11094.0,1386.8
undocumented,1,es,14.0,44.5,1057.5,1102.0,22040.0,2755.0
citizen,1,es,14.0,19.8,368.6,388.4,7768.0,971.0
DACA,2,es,12.5,33.2,675.3,708.5,14170.0,1771.2
DACA,2,es,8.0,22.0,717.4,739.4,14788.0,1848.5
DACA,1,es,12.0,39.0,710.6,749.6,14992.0,1874.0
permanent_resident,1,es,18.0,27.9,487.1,515.0,10300.0,1287.5
citizen,2,es,13.5,24.1,337.6,361.7,7234.0,904.2
citizen,3,es,13.67,25.4,457.0,482.4,9648.0,1206.0
DACA,4,en,11.5,19.8,491.9,511.7,10234.0,1279.2
undocumented,3,es,11.0,21.7,1044.2,1065.9,21318.0,2664.8
citizen,2,en,8.0,6.9,259.4,266.3,5326.0,665.8
permanent_resident,2,en,15.0,12.1,340.1,352.2,7044.0,880.5
undocumented,3,en,11.33,28.7,831.5,860.2,17204.0,2150.5
permanent_resident,3,en,11.67,1.0,338.3,339.3,6786.0,848.2
DACA,2,es,16.0,35.8,721.2,757.0,15140.0,1892.5
permanent_resident,1,en,9.0,13.2,313.5,326.7,6534.0,816.8
permanent_resident,5,es,12.0,19.6,441.0,460.6,9212.0,1151.5
DACA,3,es,11.0,32.5,672.8,705.3,14106.0,1763.2
DACA,3,es,11.67,30.7,706.3,737.0,14740.0,1842.5
permanent_resident,3,en,11.33,15.4,346.8,362.2,7244.0,905.5
citizen,4,en,12.75,10.7,266.4,277.1,5542.0,692.8
DACA,1,es,18.0,44.5,617.5,662.0,13240.0,1655.0
citizen,3,es,9.33,18.2,342.1,360.3,7206.0,900.8
DACA,3,es,11.67,25.6,690.8,716.4,14328.0,1791.0
permanent_resident,1,es,12.0,23.5,481.2,504.7,10094.0,1261.8
undocumented,1,es,18.0,50.2,1029.6,1079.8,21596.0,2699.5
undocumented,1,en,9.0,20.6,718.2,738.8,14776.0,1847.0
DACA,4,es,12.0,27.3,717.2,744.5,14890.0,1861.2
DACA,3,en,9.33,14.5,530.4,544.9,10898.0,1362.2
permanent_resident,5,es,12.0,22.0,521.9,543.9,10878.0,1359.8
permanent_resident,4,es,12.0,20.6,583.7,604.3,12086.0,1510.8
DACA,4,en,11.5,21.6,493.8,515.4,10308.0,1288.5
permanent_resident,3,es,11.33,21.9,480.6,502.5,10050.0,1256.2
permanent_resident,2,es,13.0,25.5,466.1,491.6,9832.0,1229.0
citizen,3,es,13.67,23.1,384.7,407.8,8156.0,1019.5
citizen,3,en,11.33,12.1,276.2,288.3,5766.0,720.8
DACA,2,en,13.5,26.1,528.4,554.5,11090.0,1386.2
permanent_resident,3,en,13.0,14.1,359.7,373.8,7476.0,934.5
permanent_resident,3,en,11.0,12.6,333.9,346.5,6930.0,866.2
DACA,3,es,13.0,29.7,694.8,724.5,14490.0,1811.2
citizen,3,es,11.67,22.2,371.2,393.4,7868.0,983.5
undocumented,5,es,12.0,35.9,1028.7,1064.6,21292.0,2661.5
citizen,5,es,12.0,24.5,374.6,399.1,7982.0,997.8
permanent_resident,2,en,13.0,19.9,337.9,357.8,7156.0,894.5
permanent_resident,1,es,14.0,28.2,500.3,528.5,10570.0,1321.2
citizen,2,es,15.0,21.6,347.4,369.0,7380.0,922.5
DACA,4,en,13.25,10.5,489.6,500.1,10002.0,1250.2
permanent_resident,3,es,11.0,22.0,503.4,525.4,10508.0,1313.5
undocumented,4,es,10.5,32.9,1041.3,1074.2,21484.0,2685.5
DACA,2,es,9.5,25.7,704.3,730.0,14600.0,1825.0
DACA,4,en,13.25,18.2,475.9,494.1,9882.0,1235.2
undocumented,4,en,13.25,33.8,722.2,756.0,15120.0,1890.0
permanent_resident,1,es,12.0,22.0,482.5,504.5,10090.0,1261.2
DACA,2,en,11.5,24.9,526.0,550.9,11018.0,1377.2
undocumented,2,es,15.0,48.4,1052.6,1101.0,22020.0,2752.5
permanent_resident,1,en,7.0,7.6,286.2,293.8,5876.0,734.5
DACA,1,en,12.0,28.3,527.8,556.1,11122.0,1390.2
DACA,4,es,12.0,27.4,712.6,740.0,14800.0,1850.0
permanent_resident,4,en,11.5,15.8,341.1,356.9,7138.0,892.2
DACA,1,en,7.0,18.4,502.9,521.3,10426.0,1303.2
DACA,5,es,12.0,31.3,715.5,746.8,14936.0,1867.0
undocumented,1,es,18.0,70.1,1064.7,1134.8,22696.0,2837.0
permanent_resident,3,en,14.67,16.3,351.1,367.4,7348.0,918.5
undocumented,3,en,11.33,25.2,746.7,771.9,15438.0,1929.8
DACA,3,es,11.33,28.0,699.1,727.1,14542.0,1817.8
undocumented,2,es,12.5,34.1,1004.5,1038.6,20772.0,2596.5
citizen,2,es,10.5,25.2,406.0,431.2,8624.0,1078.0
permanent_resident,1,en,7.0,14.9,351.5,366.4,7328.0,916.0
DACA,1,es,12.0,26.8,708.0,734.8,14696.0,1837.0
permanent_resident,2,en,8.0,13.4,380.0,393.4,7868.0,983.5
undocumented,4,es,12.0,36.1,1047.1,1083.2,21664.0,2708.0
undocumented,5,es,12.0,35.6,1049.7,1085.3,21706.0,2713.2
undocumented,2,es,8.0,28.5,1043.9,1072.4,21448.0,2681.0
DACA,2,en,13.0,22.8,478.2,501.0,10020.0,1252.5
permanent_resident,2,en,8.0,9.1,325.6,334.7,6694.0,836.8
undocumented,1,en,7.0,16.4,746.4,762.8,15256.0,1907.0
undocumented,1,en,9.0,23.6,736.4,760.0,15200.0,1900.0
DACA,1,en,12.0,21.6,488.6,510.2,10204.0,1275.5
permanent_resident,3,en,11.67,13.2,345.3,358.5,7170.0,896.2
citizen,1,en,12.0,17.9,261.8,279.7,5594.0,699.2
DACA,1,en,14.0,27.4,500.3,527.7,10554.0,1319.2
citizen,3,es,13.67,20.5,356.7,377.2,7544.0,943.0
citizen,1,es,14.0,22.8,382.0,404.8,8096.0,1012.0
DACA,2,en,9.5,33.0,521.5,554.5,11090.0,1386.2
DACA,1,en,18.0,28.7,439.4,468.1,9362.0,1170.2
permanent_resident,1,en,9.0,7.0,319.6,326.6,6532.0,816.5
DACA,5,en,12.0,30.2,515.3,545.5,10910.0,1363.8
undocumented,3,es,11.67,37.9,1040.7,1078.6,21572.0,2696.5
undocumented,1,en,12.0,32.3,732.2,764.5,15290.0,1911.2
DACA,3,en,11.0,21.4,535.6,557.0,11140.0,1392.5
DACA,1,en,12.0,21.1,493.8,514.9,10298.0,1287.2
undocumented,3,en,13.0,30.0,754.0,784.0,15680.0,1960.0
DACA,5,en,12.0,19.5,521.9,541.4,10828.0,1353.5
permanent_resident,4,es,13.25,23.4,486.9,510.3,10206.0,1275.8
citizen,3,es,13.0,25.7,363.6,389.3,7786.0,973.2
DACA,3,en,11.67,25.3,423.7,449.0,8980.0,1122.5
citizen,1,es,18.0,24.4,356.2,380.6,7612.0,951.5
permanent_resident,3,en,11.0,11.1,339.6,350.7,7014.0,876.8
DACA,3,es,12.33,29.7,697.0,726.7,14534.0,1816.8
undocumented,2,es,10.5,33.4,1067.1,1100.5,22010.0,2751.2
DACA,3,es,11.33,26.7,708.2,734.9,14698.0,1837.2
permanent_resident,1,es,7.0,18.0,468.7,486.7,9734.0,1216.8
undocumented,3,es,11.67,34.5,1029.5,1064.0,21280.0,2660.0
permanent_resident,4,en,11.5,13.1,306.0,319.1,6382.0,797.8
DACA,2,en,11.5,11.8,459.6,471.4,9428.0,1178.5
citizen,2,es,15.0,22.3,415.0,437.3,8746.0,1093.2
DACA,2,es,8.0,24.0,699.4,723.4,14468.0,1808.5
citizen,3,es,14.67,21.6,361.9,383.5,7670.0,958.8
DACA,3,en,11.67,19.8,486.8,506.6,10132.0,1266.5
permanent_resident,2,es,8.0,21.2,465.7,486.9,9738.0,1217.2
permanent_resident,4,es,11.5,24.4,477.6,502.0,10040.0,1255.0
undocumented,2,es,8.0,28.4,1036.9,1065.3,21306.0,2663.2
undocumented,4,es,12.75,39.4,1043.8,1083.2,21664.0,2708.0
undocumented,2,en,16.0,36.9,744.0,780.9,15618.0,1952.2
citizen,5,es,12.0,18.5,383.6,402.1,8042.0,1005.2
permanent_resident,5,en,12.0,16.1,340.4,356.5,7130.0,891.2
citizen,3,es,11.0,22.2,352.9,375.1,7502.0,937.8
citizen,3,en,10.0,9.5,283.5,293.0,5860.0,732.5
DACA,2,en,13.5,35.5,503.2,538.7,10774.0,1346.8
citizen,1,es,18.0,29.9,351.7,381.6,7632.0,954.0
undocumented,2,en,10.5,25.8,677.5,703.3,14066.0,1758.2
citizen,2,en,10.5,7.4,262.4,269.8,5396.0,674.5
citizen,1,en,18.0,15.4,265.3,280.7,5614.0,701.8
citizen,1,en,12.0,4.1,252.4,256.5,5130.0,641.2
DACA,1,en,14.0,26.0,499.2,525.2,10504.0,1313.0
citizen,1,es,9.0,17.0,341.3,358.3,7166.0,895.8
permanent_resident,2,es,13.0,27.8,584.4,612.2,12244.0,1530.5
DACA,3,en,11.33,22.0,516.5,538.5,10770.0,1346.2
DACA,1,es,14.0,33.6,723.5,757.1,15142.0,1892.8
permanent_resident,5,es,12.0,22.0,459.9,481.9,9638.0,1204.8
undocumented,3,es,13.0,41.4,1048.7,1090.1,21802.0,2725.2
undocumented,3,en,12.33,26.4,757.4,783.8,15676.0,1959.5
DACA,3,es,13.0,31.9,717.2,749.1,14982.0,1872.8
undocumented,3,es,13.0,38.3,1022.4,1060.7,21214.0,2651.8
DACA,2,en,10.5,20.3,522.0,542.3,10846.0,1355.8
citizen,1,es,18.0,24.4,367.2,391.6,7832.0,979.0
undocumented,4,es,10.5,31.1,1050.2,1081.3,21626.0,2703.2
undocumented,2,en,9.5,24.2,744.1,768.3,15366.0,1920.8
permanent_resident,4,en,13.25,14.4,450.9,465.3,9306.0,1163.2
permanent_resident,1,en,7.0,13.4,368.8,382.2,7644.0,955.5
citizen,3,en,13.67,11.7,257.1,268.8,5376.0,672.0
undocumented,1,es,12.0,39.7,1069.7,1109.4,22188.0,2773.5
citizen,1,es,9.0,16.5,360.7,377.2,7544.0,943.0
DACA,1,es,7.0,21.1,699.7,720.8,14416.0,1802.0
citizen,2,es,16.0,25.1,364.1,389.2,7784.0,973.0
citizen,1,en,9.0,10.5,297.4,307.9,6158.0,769.8
permanent_resident,1,en,18.0,23.0,353.6,376.6,7532.0,941.5
DACA,3,en,9.33,19.4,516.7,536.1,10722.0,1340.2
undocumented,3,es,11.67,35.6,1052.2,1087.8,21756.0,2719.5
undocumented,2,en,13.5,33.3,768.4,801.7,16034.0,2004.2
citizen,1,es,9.0,17.0,353.3,370.3,7406.0,925.8
citizen,5,en,12.0,7.0,276.8,283.8,5676.0,709.5
permanent_resident,2,es,10.5,21.2,497.2,518.4,10368.0,1296.0
DACA,3,en,11.67,20.8,514.1,534.9,10698.0,1337.2
DACA,3,es,14.67,38.2,674.7,712.9,14258.0,1782.2
DACA,1,es,9.0,25.9,694.5,720.4,14408.0,1801.0
permanent_resident,3,es,13.67,21.6,478.6,500.2,10004.0,1250.5
undocumented,5,es,12.0,34.1,1028.6,1062.7,21254.0,2656.8
permanent_resident,3,es,11.0,21.4,383.9,405.3,8106.0,1013.2
citizen,1,en,18.0,20.6,293.6,314.2,6284.0,785.5
citizen,1,es,12.0,31.0,394.6,425.6,8512.0,1064.0
DACA,2,es,16.0,38.4,708.1,746.5,14930.0,1866.2
DACA,2,en,8.0,14.6,510.5,525.1,10502.0,1312.8
permanent_resident,3,en,11.67,9.3,329.8,339.1,6782.0,847.8
undocumented,5,en,12.0,25.5,733.8,759.3,15186.0,1898.2
undocumented,1,es,14.0,45.8,1152.5,1198.3,23966.0,2995.8
permanent_resident,1,en,7.0,1.0,306.0,307.0,6140.0,767.5
DACA,1,es,7.0,26.8,694.7,721.5,14430.0,1803.8
DACA,2,es,13.5,32.3,699.0,731.3,14626.0,1828.2
permanent_resident,1,es,7.0,15.1,488.8,503.9,10078.0,1259.8
undocumented,2,en,13.5,33.9,755.5,789.4,15788.0,1973.5
DACA,1,en,14.0,21.2,491.2,512.4,10248.0,1281.0
permanent_resident,5,es,12.0,23.2,444.3,467.5,9350.0,1168.8
undocumented,3,en,13.0,28.8,820.7,849.5,16990.0,2123.8
DACA,1,en,12.0,23.9,526.4,550.3,11006.0,1375.8
undocumented,2,es,12.5,36.6,1030.4,1067.0,21340.0,2667.5
permanent_resident,2,en,12.5,15.9,344.7,360.6,7212.0,901.5
DACA,3,en,13.67,28.5,421.4,449.9,8998.0,1124.8
permanent_resident,1,es,18.0,27.0,515.1,542.1,10842.0,1355.2
DACA,2,es,10.5,25.5,714.3,739.8,14796.0,1849.5
permanent_resident,1,es,9.0,18.5,477.8,496.3,9926.0,1240.8
citizen,3,en,11.0,12.5,278.1,290.6,5812.0,726.5
citizen,4,es,11.5,16.5,325.7,342.2,6844.0,855.5
citizen,3,es,12.33,21.5,353.9,375.4,7508.0,938.5
DACA,1,en,14.0,28.9,484.1,513.0,10260.0,1282.5
citizen,5,es,12.0,8.2,380.3,388.5,7770.0,971.2
undocumented,3,en,11.33,24.2,708.6,732.8,14656.0,1832.0
permanent_resident,3,es,14.67,31.7,463.3,495.0,9900.0,1237.5
undocumented,2,es,11.5,31.8,1026.5,1058.3,21166.0,2645.8
permanent_resident,2,en,10.5,18.5,372.7,391.2,7824.0,978.0
permanent_resident,4,en,10.5,16.7,362.4,379.1,7582.0,947.8
permanent_resident,5,en,12.0,12.8,353.9,366.7,7334.0,916.8
permanent_resident,2,en,13.5,17.0,332.2,349.2,6984.0,873.0
undocumented,4,en,10.5,22.3,722.3,744.6,14892.0,1861.5
permanent_resident,1,es,12.0,29.4,526.7,556.1,11122.0,1390.2
permanent_resident,3,en,9.33,11.6,376.0,387.6,7752.0,969.0
citizen,2,en,11.5,11.7,260.1,271.8,5436.0,679.5
undocumented,1,es,14.0,42.8,1046.9,1089.7,21794.0,2724.2
permanent_resident,2,en,13.5,15.1,288.7,303.8,6076.0,759.5
undocumented,2,es,10.5,33.9,1054.3,1088.2,21764.0,2720.5
DACA,1,es,14.0,46.7,734.6,781.3,15626.0,1953.2
permanent_resident,2,es,10.5,20.4,494.4,514.8,10296.0,1287.0
DACA,2,es,12.5,27.9,690.3,718.2,14364.0,1795.5
permanent_resident,2,es,16.0,31.7,469.3,501.0,10020.0,1252.5
DACA,1,en,18.0,35.5,453.6,489.1,9782.0,1222.8
citizen,1,es,9.0,17.7,383.8,401.5,8030.0,1003.8
undocumented,1,en,12.0,22.2,751.6,773.8,15476.0,1934.5
undocumented,5,es,12.0,38.0,1041.7,1079.7,21594.0,2699.2
undocumented,5,en,12.0,26.3,761.6,787.9,15758.0,1969.8
DACA,2,es,11.5,29.7,684.4,714.1,14282.0,1785.2
DACA,3,es,9.33,24.4,706.7,731.1,14622.0,1827.8
permanent_resident,4,en,10.5,13.9,360.6,374.5,7490.0,936.2
undocumented,4,es,12.75,38.2,1042.7,1080.9,21618.0,2702.2
DACA,2,en,13.0,34.5,535.9,570.4,11408.0,1426.0
undocumented,2,en,11.5,30.3,741.2,771.5,15430.0,1928.8
permanent_resident,4,en,11.5,16.9,315.8,332.7,6654.0,831.8
permanent_resident,2,es,15.0,32.1,497.6,529.7,10594.0,1324.2
undocumented,4,es,13.25,41.5,1041.2,1082.7,21654.0,2706.8
undocumented,3,es,11.33,36.4,1039.4,1075.8,21516.0,2689.5
undocumented,3,en,12.33,38.7,739.0,777.7,15554.0,1944.2
undocumented,4,es,12.75,40.8,1055.8,1096.6,21932.0,2741.5
citizen,1,en,14.0,11.2,257.1,268.3,5366.0,670.8
citizen,5,en,12.0,12.2,280.3,292.5,5850.0,731.2
undocumented,4,en,12.75,31.4,748.5,779.9,15598.0,1949.8
permanent_resident,2,es,15.0,28.8,485.8,514.6,10292.0,1286.5
DACA,4,en,12.0,24.1,536.3,560.4,11208.0,1401.0
permanent_resident,3,es,11.33,23.2,481.0,504.2,10084.0,1260.5
DACA,4,en,11.5,19.5,500.0,519.5,10390.0,1298.8
DACA,2,es,8.0,24.1,704.2,728.3,14566.0,1820.8
undocumented,1,es,12.0,37.4,1058.0,1095.4,21908.0,2738.5
citizen,3,es,13.0,19.8,387.7,407.5,8150.0,1018.8
DACA,5,en,12.0,27.5,506.6,534.1,10682.0,1335.2
citizen,4,es,12.75,20.4,392.3,412.7,8254.0,1031.8
DACA,2,es,11.5,33.5,681.3,714.8,14296.0,1787.0
undocumented,1,es,18.0,45.9,1054.2,1100.1,22002.0,2750.2
DACA,1,es,18.0,42.5,557.3,599.8,11996.0,1499.5
DACA,1,es,14.0,35.0,710.5,745.5,14910.0,1863.8
citizen,1,en,12.0,21.8,260.5,282.3,5646.0,705.8
undocumented,2,en,16.0,37.6,739.7,777.3,15546.0,1943.2
citizen,3,es,13.67,20.4,377.2,397.6,7952.0,994.0
undocumented,1,en,18.0,37.1,751.2,788.3,15766.0,1970.8
permanent_resident,1,es,14.0,25.4,497.2,522.6,10452.0,1306.5
DACA,2,en,8.0,17.6,396.6,414.2,8284.0,1035.5
DACA,3,en,12.33,23.1,584.6,607.7,12154.0,1519.2
citizen,1,es,14.0,21.2,360.3,381.5,7630.0,953.8
DACA,5,en,12.0,20.5,519.0,539.5,10790.0,1348.8
permanent_resident,1,es,12.0,20.0,474.5,494.5,9890.0,1236.2
permanent_resident,5,en,12.0,16.9,367.2,384.1,7682.0,960.2
permanent_resident,2,es,12.5,25.6,510.4,536.0,10720.0,1340.0
undocumented,5,es,12.0,37.5,1038.7,1076.2,21524.0,2690.5
citizen,4,es,12.75,22.3,380.7,403.0,8060.0,1007.5
permanent_resident,5,en,12.0,11.9,392.4,404.3,8086.0,1010.8
DACA,3,en,13.0,21.2,483.1,504.3,10086.0,1260.8
permanent_resident,1,es,14.0,23.0,540.0,563.0,11260.0,1407.5
permanent_resident,5,es,12.0,22.7,479.1,501.8,10036.0,1254.5
permanent_resident,2,en,10.5,11.3,343.6,354.9,7098.0,887.2
citizen,3,en,10.0,5.2,259.2,264.4,5288.0,661.0
DACA,2,en,9.5,19.1,533.8,552.9,11058.0,1382.2
undocumented,2,en,13.0,26.3,736.5,762.8,15256.0,1907.0
permanent_resident,3,es,13.0,27.5,496.7,524.2,10484.0,1310.5
undocumented,3,es,13.0,41.3,1046.9,1088.2,21764.0,2720.5
permanent_resident,3,es,12.33,22.9,483.8,506.7,10134.0,1266.8
DACA,3,es,12.33,29.7,711.5,741.2,14824.0,1853.0
citizen,1,en,9.0,9.8,253.8,263.6,5272.0,659.0
undocumented,1,es,18.0,53.1,1023.8,1076.9,21538.0,2692.2
permanent_resident,1,en,12.0,15.5,359.1,374.6,7492.0,936.5
undocumented,4,es,10.5,41.8,1141.5,1183.3,23666.0,2958.2
DACA,2,en,10.5,19.5,505.7,525.2,10504.0,1313.0
undocumented,1,en,12.0,30.1,733.6,763.7,15274.0,1909.2
citizen,2,es,13.0,21.3,403.7,425.0,8500.0,1062.5
undocumented,2,es,12.5,39.6,997.6,1037.2,20744.0,2593.0
citizen,4,es,12.0,22.8,354.3,377.1,7542.0,942.8
undocumented,2,es,10.5,32.4,1021.8,1054.2,21084.0,2635.5
undocumented,2,es,13.0,36.6,1023.4,1060.0,21200.0,2650.0
citizen,2,es,10.5,18.8,397.2,416.0,8320.0,1040.0
citizen,4,en,11.5,12.3,247.8,260.1,5202.0,650.2
DACA,5,es,12.0,29.9,706.1,736.0,14720.0,1840.0
permanent_resident,2,en,12.5,15.4,362.5,377.9,7558.0,944.8
citizen,1,en,9.0,22.1,261.5,283.6,5672.0,709.0
permanent_resident,1,es,18.0,30.8,473.7,504.5,10090.0,1261.2
undocumented,2,es,10.5,33.8,1012.7,1046.5,20930.0,2616.2
citizen,3,es,10.0,17.6,364.0,381.6,7632.0,954.0
DACA,4,en,11.5,19.8,492.9,512.7,10254.0,1281.8
permanent_resident,4,en,11.5,16.4,282.8,299.2,5984.0,748.0
citizen,3,en,11.67,12.7,275.2,287.9,5758.0,719.8
citizen,1,en,9.0,6.2,265.7,271.9,5438.0,679.8
citizen,3,en,10.0,2.3,298.9,301.2,6024.0,753.0
citizen,1,es,9.0,13.9,383.8,397.7,7954.0,994.2
undocumented,3,en,13.0,29.1,745.9,775.0,15500.0,1937.5
permanent_resident,5,en,12.0,20.9,350.4,371.3,7426.0,928.2
permanent_resident,5,es,12.0,5.3,500.8,506.1,10122.0,1265.2
permanent_resident,3,es,13.0,28.3,567.8,596.1,11922.0,1490.2
undocumented,2,en,9.5,20.5,773.6,794.1,15882.0,1985.2
permanent_resident,2,es,10.5,19.9,495.0,514.9,10298.0,1287.2
permanent_resident,1,es,12.0,24.8,487.5,512.3,10246.0,1280.8
DACA,1,es,14.0,34.0,720.0,754.0,15080.0,1885.0
permanent_resident,1,en,7.0,6.5,348.0,354.5,7090.0,886.2
permanent_resident,1,es,14.0,27.3,486.3,513.6,10272.0,1284.0
undocumented,5,es,12.0,32.7,1041.6,1074.3,21486.0,2685.8
undocumented,3,es,12.33,33.7,1021.5,1055.2,21104.0,2638.0
undocumented,5,en,12.0,33.0,728.1,761.1,15222.0,1902.8
permanent_resident,5,en,12.0,14.0,369.5,383.5,7670.0,958.8
DACA,3,en,11.33,21.5,575.1,596.6,11932.0,1491.5
permanent_resident,1,en,9.0,23.9,346.0,369.9,7398.0,924.8
DACA,1,es,12.0,25.8,699.3,725.1,14502.0,1812.8
citizen,4,es,12.0,15.9,358.3,374.2,7484.0,935.5
permanent_resident,2,es,13.0,26.4,447.9,474.3,9486.0,1185.8
permanent_resident,3,es,9.33,26.7,415.2,441.9,8838.0,1104.8
citizen,1,es,14.0,22.7,365.7,388.4,7768.0,971.0
citizen,2,en,11.5,9.7,285.8,295.5,5910.0,738.8
DACA,4,en,12.0,22.8,485.6,508.4,10168.0,1271.0
permanent_resident,3,es,12.33,21.6,500.7,522.3,10446.0,1305.8
citizen,2,en,10.5,6.6,278.1,284.7,5694.0,711.8
DACA,2,en,13.5,20.0,520.4,540.4,10808.0,1351.0
undocumented,3,es,11.67,36.7,1032.2,1068.9,21378.0,2672.2
undocumented,1,es,18.0,52.0,1024.5,1076.5,21530.0,2691.2
undocumented,4,en,13.25,34.0,737.1,771.1,15422.0,1927.8
DACA,3,es,11.67,25.4,712.3,737.7,14754.0,1844.2
undocumented,5,es,12.0,37.3,1029.7,1067.0,21340.0,2667.5
undocumented,2,en,15.0,32.5,727.0,759.5,15190.0,1898.8
citizen,1,en,12.0,12.1,265.7,277.8,5556.0,694.5
permanent_resident,3,en,11.67,7.9,383.5,391.4,7828.0,978.5
permanent_resident,3,en,13.0,21.5,350.6,372.1,7442.0,930.2
undocumented,2,en,15.0,34.8,750.5,785.3,15706.0,1963.2
permanent_resident,3,en,10.0,19.5,370.8,390.3,7806.0,975.8
citizen,3,en,9.33,9.0,257.5,266.5,5330.0,666.2
DACA,3,es,9.33,23.5,706.9,730.4,14608.0,1826.0
citizen,2,en,16.0,16.6,259.7,276.3,5526.0,690.8
permanent_resident,3,es,14.67,30.0,469.7,499.7,9994.0,1249.2
DACA,1,en,9.0,16.6,485.7,502.3,10046.0,1255.8
citizen,2,en,10.5,12.0,262.8,274.8,5496.0,687.0
permanent_resident,1,en,14.0,16.9,361.7,378.6,7572.0,946.5
undocumented,3,es,13.67,41.4,1020.5,1061.9,21238.0,2654.8
undocumented,4,en,13.25,28.4,717.1,745.5,14910.0,1863.8
citizen,1,en,7.0,7.6,282.9,290.5,5810.0,726.2
undocumented,2,en,12.5,31.3,758.4,789.7,15794.0,1974.2
permanent_resident,1,en,12.0,13.6,353.6,367.2,7344.0,918.0
DACA,1,es,7.0,21.9,700.3,722.2,14444.0,1805.5
undocumented,5,es,12.0,40.1,1041.3,1081.4,21628.0,2703.5
DACA,5,en,12.0,11.7,555.4,567.1,11342.0,1417.8
permanent_resident,1,en,7.0,9.1,321.0,330.1,6602.0,825.2
citizen,2,en,8.0,9.0,270.4,279.4,5588.0,698.5
permanent_resident,2,es,9.5,24.0,507.7,531.7,10634.0,1329.2
undocumented,5,es,12.0,37.4,1092.1,1129.5,22590.0,2823.8
undocumented,2,es,16.0,46.8,1057.9,1104.7,22094.0,2761.8
DACA,3,es,10.0,26.9,724.1,751.0,15020.0,1877.5
undocumented,2,en,8.0,22.1,763.8,785.9,15718.0,1964.8
undocumented,2,en,15.0,36.7,718.3,755.0,15100.0,1887.5
citizen,3,es,14.67,22.2,373.7,395.9,7918.0,989.8
permanent_resident,3,en,10.0,13.5,338.4,351.9,7038.0,879.8
undocumented,1,en,12.0,29.6,768.5,798.1,15962.0,1995.2
DACA,3,es,11.0,27.3,705.9,733.2,14664.0,1833.0
citizen,1,es,18.0,27.2,384.8,412.0,8240.0,1030.0
undocumented,3,es,10.0,35.7,1011.4,1047.1,20942.0,2617.8
undocumented,1,en,12.0,31.3,826.0,857.3,17146.0,2143.2
permanent_resident,1,es,9.0,16.6,480.1,496.7,9934.0,1241.8
citizen,5,en,12.0,12.8,243.2,256.0,5120.0,640.0
citizen,5,en,12.0,8.5,327.0,335.5,6710.0,838.8
undocumented,5,en,12.0,27.1,737.9,765.0,15300.0,1912.5
citizen,4,es,12.75,14.1,349.8,363.9,7278.0,909.8
DACA,5,es,12.0,32.7,718.2,750.9,15018.0,1877.2
DACA,5,es,12.0,29.2,711.9,741.1,14822.0,1852.8
permanent_resident,4,es,10.5,18.4,472.1,490.5,9810.0,1226.2
permanent_resident,2,en,11.5,16.3,345.3,361.6,7232.0,904.0
citizen,1,en,9.0,11.2,255.4,266.6,5332.0,666.5
citizen,1,es,9.0,15.3,383.7,399.0,7980.0,997.5
permanent_resident,1,en,12.0,15.2,327.5,342.7,6854.0,856.8
DACA,3,en,13.0,23.1,520.7,543.8,10876.0,1359.5
DACA,3,en,10.0,16.0,554.0,570.0,11400.0,1425.0
undocumented,1,es,18.0,53.9,987.7,1041.6,20832.0,2604.0
citizen,2,es,8.0,17.1,367.9,385.0,7700.0,962.5
citizen,1,en,12.0,9.5,265.8,275.3,5506.0,688.2
undocumented,1,es,14.0,37.7,1073.3,1111.0,22220.0,2777.5
permanent_resident,1,es,7.0,15.8,494.8,510.6,10212.0,1276.5
citizen,2,es,16.0,22.2,435.6,457.8,9156.0,1144.5
permanent_resident,3,en,11.0,8.2,379.1,387.3,7746.0,968.2
DACA,3,en,13.67,24.7,487.7,512.4,10248.0,1281.0
permanent_resident,2,en,10.5,13.3,338.4,351.7,7034.0,879.2
DACA,5,en,12.0,24.3,514.8,539.1,10782.0,1347.8
undocumented,2,en,15.0,36.5,744.0,780.5,15610.0,1951.2
citizen,4,en,12.0,18.0,263.1,281.1,5622.0,702.8
permanent_resident,2,en,10.5,10.3,365.1,375.4,7508.0,938.5
DACA,2,es,10.5,25.2,671.3,696.5,13930.0,1741.2
citizen,3,en,9.33,10.4,255.9,266.3,5326.0,665.8
DACA,1,es,7.0,17.6,706.6,724.2,14484.0,1810.5
DACA,3,es,11.33,28.7,728.6,757.3,15146.0,1893.2
undocumented,2,es,13.5,40.2,1064.5,1104.7,22094.0,2761.8
citizen,1,en,14.0,13.7,255.6,269.3,5386.0,673.2
DACA,1,es,14.0,31.2,688.9,720.1,14402.0,1800.2
undocumented,2,en,13.0,28.7,744.0,772.7,15454.0,1931.8
permanent_resident,4,es,13.25,26.7,532.9,559.6,11192.0,1399.0
DACA,4,en,13.25,26.2,527.8,554.0,11080.0,1385.0
citizen,4,es,11.5,26.0,393.4,419.4,8388.0,1048.5
permanent_resident,3,es,12.33,26.5,467.1,493.6,9872.0,1234.0
citizen,5,es,12.0,21.6,357.5,379.1,7582.0,947.8
permanent_resident,2,en,10.5,12.7,342.6,355.3,7106.0,888.2
permanent_resident,2,es,16.0,25.0,466.8,491.8,9836.0,1229.5
DACA,3,en,11.0,19.3,506.9,526.2,10524.0,1315.5
DACA,4,en,13.25,24.6,517.2,541.8,10836.0,1354.5
permanent_resident,5,es,12.0,22.8,503.8,526.6,10532.0,1316.5
citizen,1,en,18.0,19.4,285.8,305.2,6104.0,763.0
undocumented,1,en,7.0,11.0,725.3,736.3,14726.0,1840.8
permanent_resident,2,en,15.0,21.6,378.1,399.7,7994.0,999.2
undocumented,1,es,9.0,26.3,1032.6,1058.9,21178.0,2647.2
citizen,5,en,12.0,15.3,261.1,276.4,5528.0,691.0
DACA,3,es,11.33,29.1,714.2,743.3,14866.0,1858.2
DACA,2,es,8.0,25.1,686.1,711.2,14224.0,1778.0
citizen,4,es,13.25,23.7,382.5,406.2,8124.0,1015.5
citizen,1,es,18.0,27.1,389.5,416.6,8332.0,1041.5
citizen,2,en,11.5,10.7,235.6,246.3,4926.0,615.8
undocumented,5,es,12.0,37.0,1046.2,1083.2,21664.0,2708.0
DACA,2,es,8.0,22.1,677.8,699.9,13998.0,1749.8
permanent_resident,1,en,12.0,15.1,333.4,348.5,6970.0,871.2
citizen,2,en,8.0,7.1,243.5,250.6,5012.0,626.5
undocumented,4,en,12.75,26.6,726.8,753.4,15068.0,1883.5
permanent_resident,3,en,12.33,11.5,398.7,410.2,8204.0,1025.5
undocumented,3,en,13.67,34.2,748.5,782.7,15654.0,1956.8
citizen,1,en,12.0,11.6,191.7,203.3,4066.0,508.2
DACA,1,en,14.0,46.9,490.0,536.9,10738.0,1342.2
undocumented,4,es,11.5,38.8,1035.9,1074.7,21494.0,2686.8
undocumented,3,es,11.0,31.0,1053.6,1084.6,21692.0,2711.5
permanent_resident,4,en,12.75,14.7,310.3,325.0,6500.0,812.5
citizen,1,es,7.0,11.7,338.2,349.9,6998.0,874.8
DACA,3,es,13.0,30.5,706.8,737.3,14746.0,1843.2
permanent_resident,5,es,12.0,23.8,523.0,546.8,10936.0,1367.0
DACA,1,es,14.0,38.0,740.4,778.4,15568.0,1946.0
permanent_resident,5,es,12.0,24.2,457.9,482.1,9642.0,1205.2
DACA,2,es,12.5,28.1,676.4,704.5,14090.0,1761.2
permanent_resident,1,en,7.0,12.9,342.7,355.6,7112.0,889.0
citizen,4,es,12.75,21.9,382.8,404.7,8094.0,1011.8
undocumented,2,es,13.0,27.7,1054.7,1082.4,21648.0,2706.0
permanent_resident,1,en,14.0,19.8,320.6,340.4,6808.0,851.0
permanent_resident,3,en,11.33,18.0,328.9,346.9,6938.0,867.2
DACA,1,en,9.0,29.6,493.9,523.5,10470.0,1308.8
undocumented,1,en,14.0,34.2,719.1,753.3,15066.0,1883.2
DACA,2,es,10.5,30.3,706.7,737.0,14740.0,1842.5
citizen,1,en,14.0,12.3,312.0,324.3,6486.0,810.8
undocumented,3,es,13.0,37.2,1060.2,1097.4,21948.0,2743.5
DACA,2,es,10.5,27.2,722.5,749.7,14994.0,1874.2
citizen,1,en,18.0,17.2,336.0,353.2,7064.0,883.0
DACA,1,en,7.0,11.4,526.1,537.5,10750.0,1343.8
permanent_resident,5,es,12.0,12.6,484.9,497.5,9950.0,1243.8
undocumented,2,en,16.0,38.4,801.4,839.8,16796.0,2099.5
DACA,3,en,14.67,26.8,495.6,522.4,10448.0,1306.0
DACA,2,es,13.0,29.8,687.8,717.6,14352.0,1794.0
citizen,3,en,11.33,2.8,233.2,236.0,4720.0,590.0
permanent_resident,1,es,14.0,25.6,454.1,479.7,9594.0,1199.2
undocumented,2,en,8.0,19.9,735.4,755.3,15106.0,1888.2
undocumented,5,es,12.0,36.9,1041.6,1078.5,21570.0,2696.2
permanent_resident,4,es,12.75,23.5,480.8,504.3,10086.0,1260.8
undocumented,2,en,13.0,30.5,744.0,774.5,15490.0,1936.2
DACA,2,en,11.5,18.7,530.7,549.4,10988.0,1373.5
DACA,3,es,12.33,32.5,661.2,693.7,13874.0,1734.2
undocumented,3,en,10.0,27.4,748.3,775.7,15514.0,1939.2
permanent_resident,1,en,7.0,10.5,336.3,346.8,6936.0,867.0
DACA,1,es,9.0,26.5,706.9,733.4,14668.0,1833.5
undocumented,1,en,9.0,21.1,733.4,754.5,15090.0,1886.2
permanent_resident,2,es,10.5,23.6,532.6,556.2,11124.0,1390.5
permanent_resident,1,en,12.0,19.3,323.5,342.8,6856.0,857.0
permanent_resident,5,es,12.0,23.9,506.0,529.9,10598.0,1324.8
citizen,1,es,18.0,26.3,363.6,389.9,7798.0,974.8
citizen,1,en,7.0,7.7,265.8,273.5,5470.0,683.8
citizen,3,es,11.0,20.6,357.0,377.6,7552.0,944.0
permanent_resident,1,en,14.0,16.7,344.3,361.0,7220.0,902.5
citizen,1,es,14.0,23.8,407.8,431.6,8632.0,1079.0
citizen,2,en,13.0,10.0,267.6,277.6,5552.0,694.0
citizen,4,es,10.5,13.8,386.7,400.5,8010.0,1001.2
DACA,1,en,12.0,20.1,587.4,607.5,12150.0,1518.8
undocumented,3,es,13.0,38.9,1046.5,1085.4,21708.0,2713.5
DACA,4,en,13.25,22.2,590.2,612.4,12248.0,1531.0
undocumented,2,en,10.5,23.1,737.6,760.7,15214.0,1901.8
DACA,1,en,12.0,22.8,455.7,478.5,9570.0,1196.2
permanent_resident,2,es,15.0,30.8,521.8,552.6,11052.0,1381.5
citizen,5,es,12.0,20.4,387.7,408.1,8162.0,1020.2
citizen,2,es,13.5,20.7,366.8,387.5,7750.0,968.8
permanent_resident,3,es,11.0,21.7,488.5,510.2,10204.0,1275.5
permanent_resident,5,en,12.0,13.9,372.3,386.2,7724.0,965.5
permanent_resident,2,es,13.0,23.1,501.9,525.0,10500.0,1312.5
citizen,1,es,12.0,8.1,344.1,352.2,7044.0,880.5
DACA,3,en,13.67,24.0,526.6,550.6,11012.0,1376.5
undocumented,1,en,7.0,15.8,746.3,762.1,15242.0,1905.2
undocumented,2,en,10.5,24.7,725.4,750.1,15002.0,1875.2
DACA,3,es,13.67,31.4,696.8,728.2,14564.0,1820.5
citizen,1,es,9.0,17.0,356.3,373.3,7466.0,933.2
citizen,2,en,15.0,17.6,244.3,261.9,5238.0,654.8
permanent_resident,2,es,12.5,28.0,494.7,522.7,10454.0,1306.8
undocumented,2,es,10.5,31.5,1037.0,1068.5,21370.0,2671.2
undocumented,1,es,18.0,48.2,1044.9,1093.1,21862.0,2732.8
citizen,2,en,16.0,18.9,273.8,292.7,5854.0,731.8
undocumented,1,en,14.0,35.4,740.3,775.7,15514.0,1939.2
permanent_resident,1,es,18.0,29.2,466.5,495.7,9914.0,1239.2
citizen,2,en,10.5,11.5,277.0,288.5,5770.0,721.2
citizen,4,en,12.0,16.2,260.5,276.7,5534.0,691.8
citizen,1,es,18.0,30.4,366.2,396.6,7932.0,991.5
permanent_resident,2,es,13.5,29.2,486.1,515.3,10306.0,1288.2
DACA,2,en,15.0,28.5,520.0,548.5,10970.0,1371.2
undocumented,2,en,10.5,27.5,730.6,758.1,15162.0,1895.2
permanent_resident,3,en,13.67,22.5,332.9,355.4,7108.0,888.5
citizen,3,es,10.0,14.3,359.2,373.5,7470.0,933.8
citizen,2,en,15.0,12.7,275.4,288.1,5762.0,720.2
citizen,2,en,10.5,22.2,272.3,294.5,5890.0,736.2
permanent_resident,3,es,14.67,23.4,498.7,522.1,10442.0,1305.2
undocumented,2,en,9.5,24.7,745.3,770.0,15400.0,1925.0
undocumented,5,es,12.0,37.1,1035.0,1072.1,21442.0,2680.2
undocumented,1,es,7.0,22.9,1048.9,1071.8,21436.0,2679.5
permanent_resident,4,en,12.0,13.4,444.0,457.4,9148.0,1143.5
citizen,5,es,12.0,19.2,381.4,400.6,8012.0,1001.5
DACA,5,es,12.0,26.1,865.0,891.1,17822.0,2227.8
permanent_resident,3,es,14.67,31.1,470.7,501.8,10036.0,1254.5
DACA,1,en,12.0,15.7,485.7,501.4,10028.0,1253.5
permanent_resident,3,en,11.33,12.6,349.3,361.9,7238.0,904.8
citizen,1,es,12.0,21.1,394.2,415.3,8306.0,1038.2
permanent_resident,5,es,12.0,19.3,472.7,492.0,9840.0,1230.0
DACA,5,en,12.0,18.3,510.7,529.0,10580.0,1322.5
permanent_resident,2,es,13.5,24.8,547.4,572.2,11444.0,1430.5
undocumented,3,en,13.0,29.7,736.2,765.9,15318.0,1914.8
citizen,5,es,12.0,20.5,314.2,334.7,6694.0,836.8
undocumented,4,es,12.75,41.0,1024.3,1065.3,21306.0,2663.2
permanent_resident,2,en,13.0,18.3,344.8,363.1,7262.0,907.8
citizen,2,es,13.0,23.6,407.0,430.6,8612.0,1076.5
citizen,3,es,13.0,17.7,364.9,382.6,7652.0,956.5
permanent_resident,5,en,12.0,19.4,326.0,345.4,6908.0,863.5
DACA,4,es,12.75,29.5,703.5,733.0,14660.0,1832.5
permanent_resident,2,en,13.5,20.5,323.9,344.4,6888.0,861.0
permanent_resident,5,en,12.0,19.1,394.2,413.3,8266.0,1033.2
citizen,3,en,12.33,16.2,267.9,284.1,5682.0,710.2
citizen,3,en,11.67,6.6,258.6,265.2,5304.0,663.0
permanent_resident,2,es,12.5,16.4,536.5,552.9,11058.0,1382.2
DACA,2,en,10.5,18.4,508.1,526.5,10530.0,1316.2
citizen,4,es,13.25,20.9,381.2,402.1,8042.0,1005.2
undocumented,1,en,18.0,47.2,757.4,804.6,16092.0,2011.5
DACA,2,es,8.0,23.4,696.2,719.6,14392.0,1799.0
permanent_resident,3,en,11.67,17.5,326.4,343.9,6878.0,859.8
DACA,5,es,12.0,27.0,696.5,723.5,14470.0,1808.8
DACA,1,en,7.0,11.3,484.1,495.4,9908.0,1238.5
citizen,5,es,12.0,14.5,396.4,410.9,8218.0,1027.2
undocumented,1,es,9.0,27.2,1041.5,1068.7,21374.0,2671.8
DACA,2,es,16.0,36.9,694.1,731.0,14620.0,1827.5
citizen,3,en,13.0,14.7,286.6,301.3,6026.0,753.2
DACA,2,es,11.5,28.7,718.0,746.7,14934.0,1866.8
DACA,1,en,18.0,37.3,440.5,477.8,9556.0,1194.5
permanent_resident,3,en,9.33,7.7,336.4,344.1,6882.0,860.2
DACA,3,en,11.33,17.3,506.2,523.5,10470.0,1308.8
DACA,1,en,7.0,7.9,483.9,491.8,9836.0,1229.5
citizen,3,en,11.67,10.4,250.9,261.3,5226.0,653.2
undocumented,1,es,12.0,41.9,1032.2,1074.1,21482.0,2685.2
DACA,3,en,9.33,24.3,516.9,541.2,10824.0,1353.0
permanent_resident,1,en,18.0,23.1,372.1,395.2,7904.0,988.0
undocumented,2,es,11.5,32.0,1063.6,1095.6,21912.0,2739.0
DACA,2,en,10.5,20.6,480.1,500.7,10014.0,1251.8
undocumented,4,en,13.25,45.8,720.7,766.5,15330.0,1916.2
permanent_resident,3,en,11.0,3.9,335.6,339.5,6790.0,848.8
citizen,2,en,13.0,17.9,271.2,289.1,5782.0,722.8
permanent_resident,1,es,12.0,21.0,482.7,503.7,10074.0,1259.2
DACA,5,en,12.0,21.6,494.8,516.4,10328.0,1291.0
permanent_resident,2,en,10.5,16.0,379.1,395.1,7902.0,987.8
undocumented,3,en,13.0,35.7,718.1,753.8,15076.0,1884.5
citizen,1,en,9.0,7.0,271.7,278.7,5574.0,696.8
permanent_resident,2,en,9.5,10.6,365.7,376.3,7526.0,940.8
permanent_resident,1,es,12.0,21.1,485.0,506.1,10122.0,1265.2
DACA,1,en,12.0,22.3,509.8,532.1,10642.0,1330.2
citizen,2,es,10.5,19.4,353.8,373.2,7464.0,933.0
DACA,2,en,8.0,16.2,549.9,566.1,11322.0,1415.2
undocumented,2,en,9.5,22.5,756.1,778.6,15572.0,1946.5
undocumented,4,es,10.5,30.2,1047.7,1077.9,21558.0,2694.8
citizen,3,en,11.33,14.3,272.7,287.0,5740.0,717.5
DACA,1,es,9.0,25.8,672.8,698.6,13972.0,1746.5
DACA,4,es,11.5,28.9,749.6,778.5,15570.0,1946.2
undocumented,5,en,12.0,24.6,717.3,741.9,14838.0,1854.8
permanent_resident,3,es,11.0,21.8,513.2,535.0,10700.0,1337.5
undocumented,2,es,16.0,47.3,1041.0,1088.3,21766.0,2720.8
permanent_resident,3,es,11.0,24.4,589.2,613.6,12272.0,1534.0
citizen,1,es,14.0,21.2,379.2,400.4,8008.0,1001.0
citizen,2,es,10.5,19.3,336.6,355.9,7118.0,889.8
undocumented,1,es,18.0,37.0,1053.5,1090.5,21810.0,2726.2
DACA,1,es,12.0,28.8,702.6,731.4,14628.0,1828.5
citizen,2,en,9.5,1.0,266.0,267.0,5340.0,667.5
citizen,5,en,12.0,9.9,266.3,276.2,5524.0,690.5
citizen,2,es,11.5,14.6,400.2,414.8,8296.0,1037.0
DACA,5,en,12.0,24.3,523.6,547.9,10958.0,1369.8
permanent_resident,2,es,11.5,21.9,502.4,524.3,10486.0,1310.8
DACA,3,es,14.67,32.9,705.2,738.1,14762.0,1845.2
citizen,4,es,12.0,18.9,351.2,370.1,7402.0,925.2
DACA,4,en,12.0,24.7,499.5,524.2,10484.0,1310.5
undocumented,5,es,12.0,38.7,1041.6,1080.3,21606.0,2700.8
permanent_resident,5,es,12.0,20.3,507.9,528.2,10564.0,1320.5
DACA,3,es,11.67,19.9,707.8,727.7,14554.0,1819.2
undocumented,1,es,7.0,24.2,1084.3,1108.5,22170.0,2771.2
citizen,5,en,12.0,10.1,261.4,271.5,5430.0,678.8
citizen,3,es,11.67,19.7,366.2,385.9,7718.0,964.8
permanent_resident,2,es,12.5,26.8,488.3,515.1,10302.0,1287.8
undocumented,3,es,12.33,38.9,1043.0,1081.9,21638.0,2704.8
undocumented,2,en,15.0,32.5,720.6,753.1,15062.0,1882.8
undocumented,5,en,12.0,29.4,748.1,777.5,15550.0,1943.8
permanent_resident,3,en,11.33,14.7,317.1,331.8,6636.0,829.5
undocumented,3,es,13.0,40.4,997.0,1037.4,20748.0,2593.5
DACA,1,es,9.0,24.5,724.8,749.3,14986.0,1873.2
permanent_resident,3,es,11.67,27.1,470.6,497.7,9954.0,1244.2
undocumented,2,en,13.0,30.7,744.0,774.7,15494.0,1936.8
citizen,1,es,12.0,18.9,368.2,387.1,7742.0,967.8
DACA,2,en,15.0,26.5,507.9,534.4,10688.0,1336.0
citizen,1,en,9.0,12.4,236.6,249.0,4980.0,622.5
DACA,1,en,12.0,22.2,424.3,446.5,8930.0,1116.2
citizen,3,en,12.33,11.0,253.9,264.9,5298.0,662.2
citizen,2,en,13.0,10.8,239.4,250.2,5004.0,625.5
DACA,5,en,12.0,21.5,465.6,487.1,9742.0,1217.8
permanent_resident,3,en,13.67,17.0,341.7,358.7,7174.0,896.8
permanent_resident,1,es,18.0,29.1,483.0,512.1,10242.0,1280.2
citizen,3,en,13.0,13.1,234.5,247.6,4952.0,619.0
undocumented,5,en,12.0,29.2,749.0,778.2,15564.0,1945.5
citizen,3,en,13.0,14.5,237.6,252.1,5042.0,630.2
citizen,3,en,13.0,10.3,307.6,317.9,6358.0,794.8
DACA,5,es,12.0,14.5,708.3,722.8,14456.0,1807.0
citizen,2,en,13.0,16.1,235.8,251.9,5038.0,629.8
DACA,3,es,10.0,24.6,659.2,683.8,13676.0,1709.5
permanent_resident,3,en,13.0,14.4,308.9,323.3,6466.0,808.2
citizen,2,es,16.0,25.3,385.9,411.2,8224.0,1028.0
DACA,2,en,13.0,25.6,514.1,539.7,10794.0,1349.2
permanent_resident,4,en,10.5,11.5,345.8,357.3,7146.0,893.2
permanent_resident,3,es,14.67,29.0,484.5,513.5,10270.0,1283.8
DACA,1,es,7.0,24.7,704.2,728.9,14578.0,1822.2
permanent_resident,5,es,12.0,28.0,481.0,509.0,10180.0,1272.5
DACA,3,en,14.67,23.8,469.4,493.2,9864.0,1233.0
permanent_resident,1,en,12.0,15.3,356.2,371.5,7430.0,928.8
permanent_resident,1,en,12.0,16.0,321.7,337.7,6754.0,844.2
permanent_resident,4,en,10.5,14.4,394.2,408.6,8172.0,1021.5
permanent_resident,5,en,12.0,17.6,353.5,371.1,7422.0,927.8
DACA,5,es,12.0,29.2,711.0,740.2,14804.0,1850.5
DACA,2,es,11.5,28.8,699.6,728.4,14568.0,1821.0
undocumented,2,en,11.5,28.9,744.1,773.0,15460.0,1932.5
permanent_resident,1,en,14.0,9.9,342.1,352.0,7040.0,880.0
undocumented,5,es,12.0,37.9,1037.3,1075.2,21504.0,2688.0
undocumented,2,en,8.0,21.3,741.1,762.4,15248.0,1906.0
DACA,2,es,10.5,28.0,697.7,725.7,14514.0,1814.2
undocumented,4,en,12.0,25.3,735.7,761.0,15220.0,1902.5
undocumented,1,en,12.0,29.9,731.1,761.0,15220.0,1902.5
permanent_resident,1,es,7.0,16.7,493.9,510.6,10212.0,1276.5
undocumented,3,es,9.33,29.9,1021.6,1051.5,21030.0,2628.8
undocumented,2,es,12.5,34.6,1025.4,1060.0,21200.0,2650.0
undocumented,4,es,12.75,38.9,1047.2,1086.1,21722.0,2715.2
citizen,1,en,12.0,11.9,259.9,271.8,5436.0,679.5
permanent_resident,4,en,11.5,15.2,330.5,345.7,6914.0,864.2
DACA,5,es,12.0,49.5,711.7,761.2,15224.0,1903.0
DACA,3,en,11.33,16.2,647.3,663.5,13270.0,1658.8
undocumented,1,es,12.0,36.9,1037.7,1074.6,21492.0,2686.5
permanent_resident,2,es,9.5,27.6,462.4,490.0,9800.0,1225.0
undocumented,2,en,8.0,24.0,755.7,779.7,15594.0,1949.2
citizen,2,es,16.0,22.0,365.7,387.7,7754.0,969.2
undocumented,4,es,11.5,37.7,1034.6,1072.3,21446.0,2680.8
DACA,2,en,13.0,27.4,446.5,473.9,9478.0,1184.8
permanent_resident,4,es,12.0,25.4,470.2,495.6,9912.0,1239.0
DACA,2,es,10.5,28.7,733.9,762.6,15252.0,1906.5
undocumented,3,es,11.0,33.4,1021.9,1055.3,21106.0,2638.2
undocumented,5,es,12.0,37.4,1028.3,1065.7,21314.0,2664.2
citizen,2,es,11.5,16.7,390.6,407.3,8146.0,1018.2
permanent_resident,2,es,12.5,30.8,466.0,496.8,9936.0,1242.0
DACA,3,en,13.67,18.0,497.8,515.8,10316.0,1289.5
undocumented,3,es,11.0,31.4,1053.0,1084.4,21688.0,2711.0
undocumented,3,en,12.33,28.8,759.4,788.2,15764.0,1970.5
DACA,3,es,11.0,32.2,706.9,739.1,14782.0,1847.8
undocumented,3,es,13.0,41.8,1050.4,1092.2,21844.0,2730.5
citizen,3,en,11.33,5.6,263.4,269.0,5380.0,672.5
undocumented,1,en,14.0,31.6,721.1,752.7,15054.0,1881.8
permanent_resident,1,en,12.0,9.7,375.5,385.2,7704.0,963.0
permanent_resident,1,en,7.0,1.9,259.4,261.3,5226.0,653.2
DACA,1,es,9.0,26.1,681.7,707.8,14156.0,1769.5
permanent_resident,1,en,14.0,21.8,418.8,440.6,8812.0,1101.5
permanent_resident,4,en,10.5,14.7,339.0,353.7,7074.0,884.2
citizen,5,es,12.0,19.0,370.7,389.7,7794.0,974.2
citizen,3,en,11.67,12.7,243.9,256.6,5132.0,641.5
citizen,1,en,18.0,17.5,265.6,283.1,5662.0,707.8
DACA,5,es,12.0,28.0,608.6,636.6,12732.0,1591.5
permanent_resident,3,es,10.0,19.0,480.6,499.6,9992.0,1249.0
permanent_resident,5,en,12.0,18.2,358.4,376.6,7532.0,941.5
undocumented,3,es,11.67,36.4,1005.4,1041.8,20836.0,2604.5
undocumented,1,en,7.0,13.3,739.6,752.9,15058.0,1882.2
undocumented,2,en,15.0,35.1,706.7,741.8,14836.0,1854.5
DACA,5,es,12.0,32.0,717.5,749.5,14990.0,1873.8
undocumented,4,en,12.75,30.4,721.8,752.2,15044.0,1880.5
undocumented,4,es,11.5,54.5,1004.1,1058.6,21172.0,2646.5
permanent_resident,1,en,14.0,19.9,361.6,381.5,7630.0,953.8
DACA,1,es,7.0,21.7,696.4,718.1,14362.0,1795.2
DACA,4,es,10.5,29.6,657.0,686.6,13732.0,1716.5
DACA,3,en,13.0,25.2,495.8,521.0,10420.0,1302.5
citizen,5,en,12.0,12.7,274.6,287.3,5746.0,718.2
undocumented,1,es,14.0,40.1,1075.0,1115.1,22302.0,2787.8
citizen,2,en,10.5,11.6,280.2,291.8,5836.0,729.5
undocumented,4,en,12.75,25.0,773.9,798.9,15978.0,1997.2
DACA,3,en,14.67,21.7,510.6,532.3,10646.0,1330.8
citizen,1,en,18.0,20.3,313.6,333.9,6678.0,834.8
DACA,2,es,16.0,35.5,723.8,759.3,15186.0,1898.2
permanent_resident,4,en,12.0,10.7,224.8,235.5,4710.0,588.8
DACA,4,en,11.5,18.8,510.8,529.6,10592.0,1324.0
citizen,5,es,12.0,20.6,373.6,394.2,7884.0,985.5
permanent_resident,4,es,12.75,22.9,459.6,482.5,9650.0,1206.2
DACA,5,en,12.0,23.6,475.6,499.2,9984.0,1248.0
citizen,3,es,9.33,18.6,370.8,389.4,7788.0,973.5
undocumented,5,es,12.0,36.9,1085.2,1122.1,22442.0,2805.2
DACA,2,es,16.0,37.4,705.7,743.1,14862.0,1857.8
undocumented,2,es,10.5,34.4,1013.6,1048.0,20960.0,2620.0
DACA,2,es,11.5,25.6,723.4,749.0,14980.0,1872.5
permanent_resident,3,en,10.0,13.7,340.8,354.5,7090.0,886.2
DACA,5,es,12.0,27.0,765.6,792.6,15852.0,1981.5
permanent_resident,1,en,9.0,14.2,361.1,375.3,7506.0,938.2
permanent_resident,1,en,7.0,5.9,347.6,353.5,7070.0,883.8
DACA,4,es,12.75,28.7,667.0,695.7,13914.0,1739.2
citizen,1,es,7.0,19.5,420.4,439.9,8798.0,1099.8
undocumented,2,es,16.0,48.6,1031.8,1080.4,21608.0,2701.0
undocumented,3,en,13.67,30.7,735.0,765.7,15314.0,1914.2
permanent_resident,4,es,10.5,22.9,519.4,542.3,10846.0,1355.8
DACA,5,es,12.0,32.1,712.2,744.3,14886.0,1860.8
DACA,5,es,12.0,30.0,733.5,763.5,15270.0,1908.8
citizen,3,es,11.33,17.5,369.0,386.5,7730.0,966.2
citizen,1,es,14.0,24.2,375.9,400.1,8002.0,1000.2
undocumented,3,en,14.67,33.4,748.2,781.6,15632.0,1954.0
DACA,4,en,12.0,19.0,471.1,490.1,9802.0,1225.2
DACA,3,en,13.0,23.3,496.9,520.2,10404.0,1300.5
undocumented,1,en,7.0,16.8,837.8,854.6,17092.0,2136.5
DACA,2,es,10.5,25.3,718.9,744.2,14884.0,1860.5
DACA,2,es,8.0,23.5,680.1,703.6,14072.0,1759.0
undocumented,5,es,12.0,40.0,1058.8,1098.8,21976.0,2747.0
citizen,2,es,13.5,23.4,392.9,416.3,8326.0,1040.8
permanent_resident,5,en,12.0,6.7,361.1,367.8,7356.0,919.5
undocumented,2,en,13.5,31.9,746.3,778.2,15564.0,1945.5
permanent_resident,2,en,9.5,11.6,334.9,346.5,6930.0,866.2
undocumented,4,en,12.75,28.6,789.3,817.9,16358.0,2044.8
DACA,1,es,7.0,20.0,698.8,718.8,14376.0,1797.0
permanent_resident,5,en,12.0,10.6,352.4,363.0,7260.0,907.5
permanent_resident,3,en,13.0,15.8,360.0,375.8,7516.0,939.5
undocumented,3,en,11.67,27.1,744.3,771.4,15428.0,1928.5
citizen,1,es,18.0,36.2,367.5,403.7,8074.0,1009.2
undocumented,2,es,10.5,31.1,1024.4,1055.5,21110.0,2638.8
citizen,3,es,12.33,21.3,382.2,403.5,8070.0,1008.8
undocumented,3,en,11.33,25.2,768.3,793.5,15870.0,1983.8
undocumented,4,es,13.25,41.8,1044.9,1086.7,21734.0,2716.8
permanent_resident,3,es,13.0,27.8,479.4,507.2,10144.0,1268.0
undocumented,5,es,12.0,42.6,1072.0,1114.6,22292.0,2786.5
citizen,2,es,8.0,19.9,321.3,341.2,6824.0,853.0
DACA,4,es,12.75,34.0,700.4,734.4,14688.0,1836.0
citizen,2,en,16.0,17.7,269.0,286.7,5734.0,716.8
permanent_resident,3,es,10.0,24.8,486.7,511.5,10230.0,1278.8
citizen,2,en,16.0,16.1,278.1,294.2,5884.0,735.5
undocumented,5,es,12.0,36.0,1041.6,1077.6,21552.0,2694.0
undocumented,4,en,12.75,29.7,747.6,777.3,15546.0,1943.2
DACA,3,es,14.67,35.1,707.3,742.4,14848.0,1856.0
permanent_resident,2,en,13.0,14.6,332.8,347.4,6948.0,868.5
permanent_resident,2,en,12.5,20.9,389.2,410.1,8202.0,1025.2
citizen,1,en,12.0,16.6,309.6,326.2,6524.0,815.5
DACA,5,en,12.0,21.5,508.1,529.6,10592.0,1324.0
permanent_resident,3,en,11.33,19.7,334.7,354.4,7088.0,886.0
citizen,3,en,13.0,9.0,357.4,366.4,7328.0,916.0
permanent_resident,4,es,11.5,22.3,486.4,508.7,10174.0,1271.8
DACA,5,en,12.0,19.8,521.9,541.7,10834.0,1354.2
citizen,4,en,13.25,19.7,233.6,253.3,5066.0,633.2
citizen,5,es,12.0,19.9,358.7,378.6,7572.0,946.5
DACA,4,es,12.0,28.8,690.6,719.4,14388.0,1798.5
undocumented,1,en,9.0,26.5,746.9,773.4,15468.0,1933.5
DACA,5,en,12.0,22.3,512.2,534.5,10690.0,1336.2
DACA,1,en,9.0,18.9,602.7,621.6,12432.0,1554.0
citizen,2,en,11.5,9.6,282.3,291.9,5838.0,729.8
DACA,3,es,11.33,30.4,706.9,737.3,14746.0,1843.2
citizen,2,es,16.0,24.0,362.9,386.9,7738.0,967.2
DACA,4,en,10.5,18.8,514.9,533.7,10674.0,1334.2
permanent_resident,2,es,11.5,25.4,512.4,537.8,10756.0,1344.5
DACA,4,es,10.5,28.7,714.6,743.3,14866.0,1858.2
undocumented,3,en,13.67,28.4,758.2,786.6,15732.0,1966.5
citizen,2,en,13.5,13.8,254.7,268.5,5370.0,671.2
undocumented,4,es,10.5,32.7,1051.5,1084.2,21684.0,2710.5
undocumented,3,es,9.33,33.0,1033.6,1066.6,21332.0,2666.5
permanent_resident,1,es,18.0,17.9,511.0,528.9,10578.0,1322.2
DACA,2,en,13.0,22.8,530.6,553.4,11068.0,1383.5
DACA,3,es,13.0,31.4,707.0,738.4,14768.0,1846.0
citizen,2,es,13.0,22.3,369.7,392.0,7840.0,980.0
citizen,5,en,12.0,8.0,247.8,255.8,5116.0,639.5
permanent_resident,3,es,11.33,23.5,470.7,494.2,9884.0,1235.5
DACA,5,en,12.0,24.9,488.2,513.1,10262.0,1282.8
citizen,1,es,18.0,26.4,385.3,411.7,8234.0,1029.2
permanent_resident,1,en,12.0,17.0,336.8,353.8,7076.0,884.5
citizen,5,es,12.0,15.2,322.5,337.7,6754.0,844.2
DACA,1,es,18.0,43.8,689.8,733.6,14672.0,1834.0
permanent_resident,5,es,12.0,24.6,601.5,626.1,12522.0,1565.2
DACA,3,es,10.0,16.8,675.8,692.6,13852.0,1731.5
permanent_resident,3,en,14.67,28.4,316.0,344.4,6888.0,861.0
undocumented,3,es,10.0,32.8,1050.7,1083.5,21670.0,2708.8
citizen,1,es,14.0,23.2,387.3,410.5,8210.0,1026.2
DACA,1,es,12.0,30.2,710.8,741.0,14820.0,1852.5
undocumented,2,es,8.0,30.7,1041.5,1072.2,21444.0,2680.5
DACA,4,en,12.0,22.9,491.2,514.1,10282.0,1285.2
permanent_resident,5,en,12.0,13.0,374.0,387.0,7740.0,967.5
undocumented,2,es,11.5,35.3,1038.8,1074.1,21482.0,2685.2
undocumented,2,es,11.5,33.4,1032.3,1065.7,21314.0,2664.2
permanent_resident,4,en,10.5,9.6,378.0,387.6,7752.0,969.0
DACA,4,en,11.5,23.4,492.4,515.8,10316.0,1289.5
undocumented,2,en,11.5,28.0,744.1,772.1,15442.0,1930.2
permanent_resident,3,es,13.0,24.8,488.5,513.3,10266.0,1283.2
citizen,1,es,9.0,19.4,367.0,386.4,7728.0,966.0
permanent_resident,2,en,16.0,20.4,333.1,353.5,7070.0,883.8
undocumented,1,es,7.0,24.9,1055.3,1080.2,21604.0,2700.5
permanent_resident,3,en,13.67,17.9,422.9,440.8,8816.0,1102.0
permanent_resident,3,en,11.0,13.4,328.1,341.5,6830.0,853.8
citizen,1,es,9.0,18.3,371.7,390.0,7800.0,975.0
DACA,3,es,9.33,23.8,706.7,730.5,14610.0,1826.2
citizen,1,en,12.0,14.8,272.3,287.1,5742.0,717.8
DACA,3,es,13.0,32.0,736.3,768.3,15366.0,1920.8
undocumented,3,es,11.33,31.6,1040.0,1071.6,21432.0,2679.0
undocumented,4,en,10.5,22.0,752.0,774.0,15480.0,1935.0
undocumented,1,es,7.0,21.2,1045.1,1066.3,21326.0,2665.8
DACA,4,en,12.75,12.7,512.9,525.6,10512.0,1314.0
citizen,1,es,7.0,3.5,394.9,398.4,7968.0,996.0
citizen,5,es,12.0,21.7,350.0,371.7,7434.0,929.2
citizen,5,en,12.0,16.0,322.6,338.6,6772.0,846.5
undocumented,1,en,9.0,21.8,742.3,764.1,15282.0,1910.2
permanent_resident,4,en,12.0,25.0,333.6,358.6,7172.0,896.5
citizen,5,es,12.0,19.1,357.0,376.1,7522.0,940.2
DACA,4,en,12.75,23.5,429.5,453.0,9060.0,1132.5
citizen,5,es,12.0,16.6,364.8,381.4,7628.0,953.5
permanent_resident,3,es,11.0,26.0,494.7,520.7,10414.0,1301.8
DACA,4,en,12.0,19.0,511.9,530.9,10618.0,1327.2
citizen,1,en,18.0,17.3,265.8,283.1,5662.0,707.8
permanent_resident,2,es,12.5,28.7,487.7,516.4,10328.0,1291.0
citizen,3,es,9.33,18.5,356.1,374.6,7492.0,936.5
citizen,5,es,12.0,15.7,416.0,431.7,8634.0,1079.2
permanent_resident,3,en,13.0,19.7,353.6,373.3,7466.0,933.2
undocumented,1,en,7.0,15.2,744.0,759.2,15184.0,1898.0
undocumented,5,en,12.0,31.5,758.5,790.0,15800.0,1975.0
citizen,2,es,13.5,21.4,371.3,392.7,7854.0,981.8
undocumented,1,es,14.0,38.7,1029.7,1068.4,21368.0,2671.0
DACA,2,en,11.5,21.5,485.5,507.0,10140.0,1267.5
citizen,3,es,11.67,17.6,351.2,368.8,7376.0,922.0
citizen,3,en,10.0,6.7,271.1,277.8,5556.0,694.5
permanent_resident,2,en,13.5,20.2,302.7,322.9,6458.0,807.2
permanent_resident,1,en,14.0,20.3,368.9,389.2,7784.0,973.0
permanent_resident,4,en,12.75,18.1,336.6,354.7,7094.0,886.8
undocumented,2,es,10.5,33.8,1040.1,1073.9,21478.0,2684.8
undocumented,1,es,14.0,39.3,1049.1,1088.4,21768.0,2721.0
permanent_resident,3,en,13.67,18.1,347.5,365.6,7312.0,914.0
permanent_resident,2,en,10.5,13.8,308.6,322.4,6448.0,806.0
undocumented,3,en,11.0,25.6,761.9,787.5,15750.0,1968.8
DACA,2,en,15.0,26.1,393.7,419.8,8396.0,1049.5
permanent_resident,3,es,10.0,21.1,463.0,484.1,9682.0,1210.2
permanent_resident,3,en,9.33,10.4,338.0,348.4,6968.0,871.0
DACA,5,en,12.0,17.9,514.2,532.1,10642.0,1330.2
undocumented,4,en,12.75,31.6,751.9,783.5,15670.0,1958.8
permanent_resident,2,es,12.5,24.4,498.2,522.6,10452.0,1306.5
undocumented,1,en,14.0,32.7,766.6,799.3,15986.0,1998.2
permanent_resident,1,en,14.0,8.6,401.1,409.7,8194.0,1024.2
citizen,3,en,14.67,9.3,315.6,324.9,6498.0,812.2
undocumented,3,en,13.0,31.8,736.2,768.0,15360.0,1920.0
undocumented,2,es,12.5,40.5,1043.0,1083.5,21670.0,2708.8
undocumented,4,en,11.5,29.6,753.5,783.1,15662.0,1957.8
citizen,1,en,7.0,8.0,265.8,273.8,5476.0,684.5
citizen,3,en,13.67,19.2,259.6,278.8,5576.0,697.0
citizen,3,es,13.67,27.5,401.8,429.3,8586.0,1073.2
permanent_resident,1,es,18.0,12.7,579.7,592.4,11848.0,1481.0
undocumented,2,en,16.0,37.7,769.9,807.6,16152.0,2019.0
DACA,3,en,10.0,22.1,483.7,505.8,10116.0,1264.5
permanent_resident,2,es,15.0,22.0,487.3,509.3,10186.0,1273.2
permanent_resident,5,en,12.0,12.5,357.7,370.2,7404.0,925.5
citizen,2,es,13.5,6.1,435.5,441.6,8832.0,1104.0
DACA,2,en,16.0,46.0,503.1,549.1,10982.0,1372.8
permanent_resident,1,en,9.0,10.2,350.9,361.1,7222.0,902.8
permanent_resident,5,en,12.0,18.0,362.3,380.3,7606.0,950.8
permanent_resident,2,en,10.5,13.1,339.8,352.9,7058.0,882.2
citizen,3,es,9.33,21.7,315.3,337.0,6740.0,842.5
undocumented,1,en,18.0,48.4,798.2,846.6,16932.0,2116.5
permanent_resident,1,en,7.0,9.6,285.5,295.1,5902.0,737.8
DACA,2,en,10.5,19.3,513.8,533.1,10662.0,1332.8
citizen,1,en,9.0,12.1,266.9,279.0,5580.0,697.5
DACA,2,en,16.0,30.0,480.8,510.8,10216.0,1277.0
undocumented,3,es,12.33,34.7,1063.3,1098.0,21960.0,2745.0
undocumented,2,en,11.5,29.4,754.4,783.8,15676.0,1959.5
undocumented,4,en,13.25,34.2,740.8,775.0,15500.0,1937.5
citizen,1,en,9.0,10.7,250.8,261.5,5230.0,653.8
undocumented,2,en,16.0,41.9,742.1,784.0,15680.0,1960.0
DACA,2,en,9.5,13.7,496.9,510.6,10212.0,1276.5
DACA,2,en,13.0,21.3,575.0,596.3,11926.0,1490.8
permanent_resident,3,en,13.0,14.0,337.1,351.1,7022.0,877.8
citizen,1,es,7.0,11.5,383.2,394.7,7894.0,986.8
citizen,3,en,11.33,4.9,268.0,272.9,5458.0,682.2
DACA,2,es,10.5,30.7,723.4,754.1,15082.0,1885.2
citizen,5,es,12.0,22.0,344.0,366.0,7320.0,915.0
DACA,1,en,9.0,15.1,528.7,543.8,10876.0,1359.5
citizen,3,es,10.0,8.0,401.3,409.3,8186.0,1023.2
citizen,4,en,13.25,14.1,238.7,252.8,5056.0,632.0
citizen,3,es,13.0,25.5,375.8,401.3,8026.0,1003.2
citizen,3,es,12.33,18.6,369.5,388.1,7762.0,970.2
citizen,3,es,10.0,14.4,427.4,441.8,8836.0,1104.5
undocumented,4,en,12.75,19.5,726.8,746.3,14926.0,1865.8
citizen,1,en,18.0,25.6,262.3,287.9,5758.0,719.8
undocumented,4,en,12.0,30.7,710.3,741.0,14820.0,1852.5
permanent_resident,4,es,12.0,23.6,476.5,500.1,10002.0,1250.2
permanent_resident,2,en,10.5,11.2,353.6,364.8,7296.0,912.0
undocumented,2,en,13.0,28.9,749.2,778.1,15562.0,1945.2
undocumented,1,es,14.0,47.9,1031.6,1079.5,21590.0,2698.8
DACA,2,en,16.0,18.1,526.9,545.0,10900.0,1362.5
citizen,4,es,11.5,18.1,358.0,376.1,7522.0,940.2
DACA,2,es,15.0,34.5,709.4,743.9,14878.0,1859.8
citizen,3,en,13.0,17.2,166.3,183.5,3670.0,458.8
undocumented,5,en,12.0,14.8,774.3,789.1,15782.0,1972.8
undocumented,4,es,10.5,37.7,1033.5,1071.2,21424.0,2678.0
permanent_resident,1,en,14.0,19.9,354.2,374.1,7482.0,935.2
permanent_resident,1,en,7.0,12.1,331.7,343.8,6876.0,859.5
DACA,2,es,12.5,33.0,702.6,735.6,14712.0,1839.0
DACA,1,es,12.0,26.7,710.3,737.0,14740.0,1842.5
DACA,2,es,13.5,34.3,689.3,723.6,14472.0,1809.0
undocumented,2,es,13.5,42.3,1034.7,1077.0,21540.0,2692.5
undocumented,2,es,11.5,42.1,1015.6,1057.7,21154.0,2644.2
DACA,4,en,11.5,19.0,521.5,540.5,10810.0,1351.2
undocumented,1,en,9.0,24.6,728.1,752.7,15054.0,1881.8
DACA,2,en,10.5,18.8,495.4,514.2,10284.0,1285.5
DACA,4,es,13.25,33.4,723.2,756.6,15132.0,1891.5
DACA,1,en,9.0,9.6,610.5,620.1,12402.0,1550.2
undocumented,4,es,10.5,38.4,1044.6,1083.0,21660.0,2707.5
permanent_resident,2,es,8.0,19.9,560.2,580.1,11602.0,1450.2
citizen,1,en,9.0,1.0,266.1,267.1,5342.0,667.8
permanent_resident,1,en,7.0,8.1,347.6,355.7,7114.0,889.2
permanent_resident,3,es,12.33,29.9,455.1,485.0,9700.0,1212.5
undocumented,4,es,12.75,41.5,1048.0,1089.5,21790.0,2723.8
DACA,1,es,14.0,36.4,705.3,741.7,14834.0,1854.2
DACA,1,en,12.0,20.0,507.0,527.0,10540.0,1317.5
citizen,2,es,9.5,14.2,422.4,436.6,8732.0,1091.5
permanent_resident,5,en,12.0,12.6,344.0,356.6,7132.0,891.5
permanent_resident,2,en,10.5,17.9,369.6,387.5,7750.0,968.8
citizen,2,es,9.5,18.2,353.4,371.6,7432.0,929.0
DACA,3,en,13.0,25.4,591.7,617.1,12342.0,1542.8
undocumented,5,en,12.0,38.0,738.5,776.5,15530.0,1941.2
undocumented,5,en,12.0,27.3,781.1,808.4,16168.0,2021.0
undocumented,1,es,14.0,41.0,1065.5,1106.5,22130.0,2766.2
permanent_resident,4,es,10.5,21.5,485.2,506.7,10134.0,1266.8
citizen,1,en,18.0,16.3,279.5,295.8,5916.0,739.5
permanent_resident,5,en,12.0,9.2,341.7,350.9,7018.0,877.2
permanent_resident,2,es,10.5,24.5,501.4,525.9,10518.0,1314.8
citizen,3,en,10.0,1.0,261.0,262.0,5240.0,655.0
DACA,2,es,10.5,29.5,702.9,732.4,14648.0,1831.0
permanent_resident,5,en,12.0,19.9,357.4,377.3,7546.0,943.2
DACA,2,en,12.5,16.4,508.3,524.7,10494.0,1311.8
undocumented,5,en,12.0,27.0,738.4,765.4,15308.0,1913.5
citizen,1,en,9.0,9.9,224.4,234.3,4686.0,585.8
undocumented,3,es,13.67,40.0,1055.0,1095.0,21900.0,2737.5
citizen,1,en,9.0,6.8,277.7,284.5,5690.0,711.2
undocumented,1,en,14.0,32.7,736.9,769.6,15392.0,1924.0
permanent_resident,1,en,14.0,19.8,328.6,348.4,6968.0,871.0
undocumented,4,en,11.5,22.7,734.0,756.7,15134.0,1891.8
DACA,2,es,13.0,25.9,670.9,696.8,13936.0,1742.0
DACA,2,es,9.5,22.8,712.4,735.2,14704.0,1838.0
citizen,3,en,13.0,15.4,255.0,270.4,5408.0,676.0
permanent_resident,3,en,9.33,13.8,325.3,339.1,6782.0,847.8
undocumented,4,es,12.75,46.4,1053.7,1100.1,22002.0,2750.2
DACA,2,en,10.5,27.4,490.2,517.6,10352.0,1294.0
permanent_resident,2,es,13.5,24.7,490.4,515.1,10302.0,1287.8
DACA,3,es,14.67,37.5,689.0,726.5,14530.0,1816.2
undocumented,4,es,11.5,35.4,1060.6,1096.0,21920.0,2740.0
undocumented,2,es,10.5,29.1,903.5,932.6,18652.0,2331.5
citizen,2,en,10.5,9.7,292.7,302.4,6048.0,756.0
DACA,4,es,13.25,33.7,704.3,738.0,14760.0,1845.0
DACA,1,es,7.0,22.4,737.1,759.5,15190.0,1898.8
DACA,2,es,13.0,31.2,741.3,772.5,15450.0,1931.2
citizen,3,es,11.0,23.2,367.4,390.6,7812.0,976.5
undocumented,3,en,11.67,28.1,731.6,759.7,15194.0,1899.2
DACA,3,es,11.0,28.4,723.0,751.4,15028.0,1878.5
citizen,1,en,18.0,18.8,266.2,285.0,5700.0,712.5
citizen,4,es,12.75,19.8,363.0,382.8,7656.0,957.0
citizen,1,en,12.0,12.0,249.8,261.8,5236.0,654.5
permanent_resident,3,es,9.33,20.8,452.9,473.7,9474.0,1184.2
citizen,3,en,13.0,13.7,268.7,282.4,5648.0,706.0
DACA,1,en,18.0,32.5,507.4,539.9,10798.0,1349.8
permanent_resident,5,es,12.0,21.8,541.0,562.8,11256.0,1407.0
undocumented,1,es,9.0,32.5,1052.9,1085.4,21708.0,2713.5
citizen,3,en,13.0,14.0,271.7,285.7,5714.0,714.2
permanent_resident,4,en,11.5,14.5,355.7,370.2,7404.0,925.5
permanent_resident,3,en,9.33,15.4,366.0,381.4,7628.0,953.5
citizen,2,es,13.0,22.3,402.7,425.0,8500.0,1062.5
DACA,1,es,12.0,30.8,809.9,840.7,16814.0,2101.8
citizen,2,en,11.5,13.8,238.3,252.1,5042.0,630.2
DACA,2,es,13.0,28.7,743.5,772.2,15444.0,1930.5
citizen,5,es,12.0,18.4,491.3,509.7,10194.0,1274.2
DACA,3,es,13.0,30.9,706.9,737.8,14756.0,1844.5
undocumented,5,es,12.0,38.4,1029.1,1067.5,21350.0,2668.8
citizen,2,es,12.5,21.7,322.7,344.4,6888.0,861.0
citizen,4,es,13.25,21.8,372.7,394.5,7890.0,986.2
citizen,1,es,18.0,20.5,380.3,400.8,8016.0,1002.0
citizen,2,es,10.5,23.3,370.1,393.4,7868.0,983.5
DACA,2,es,10.5,27.7,726.7,754.4,15088.0,1886.0
citizen,1,en,9.0,10.3,259.1,269.4,5388.0,673.5
citizen,5,en,12.0,12.9,229.2,242.1,4842.0,605.2
DACA,2,en,10.5,32.5,519.4,551.9,11038.0,1379.8
permanent_resident,4,es,13.25,26.6,483.6,510.2,10204.0,1275.5
DACA,2,es,8.0,19.2,721.6,740.8,14816.0,1852.0
undocumented,2,en,13.5,33.7,657.5,691.2,13824.0,1728.0
permanent_resident,3,es,11.33,27.7,456.8,484.5,9690.0,1211.2
citizen,3,es,11.67,20.2,393.6,413.8,8276.0,1034.5
permanent_resident,1,es,7.0,18.7,479.7,498.4,9968.0,1246.0
permanent_resident,4,en,12.75,21.6,351.2,372.8,7456.0,932.0
permanent_resident,2,es,9.5,22.4,478.3,500.7,10014.0,1251.8
DACA,3,en,12.33,19.2,462.6,481.8,9636.0,1204.5
citizen,2,es,10.5,19.7,360.7,380.4,7608.0,951.0
DACA,3,es,11.33,31.4,678.6,710.0,14200.0,1775.0
permanent_resident,4,es,13.25,28.6,480.1,508.7,10174.0,1271.8
citizen,1,es,9.0,17.0,362.3,379.3,7586.0,948.2
undocumented,2,es,13.0,46.6,1058.2,1104.8,22096.0,2762.0
permanent_resident,3,en,11.67,18.8,346.5,365.3,7306.0,913.2
DACA,2,en,10.5,17.6,450.8,468.4,9368.0,1171.0
undocumented,5,es,12.0,33.2,1047.5,1080.7,21614.0,2701.8
DACA,1,es,9.0,25.8,710.3,736.1,14722.0,1840.2
permanent_resident,1,es,12.0,22.5,547.9,570.4,11408.0,1426.0
DACA,2,es,10.5,28.4,716.7,745.1,14902.0,1862.8
permanent_resident,2,en,10.5,9.5,340.0,349.5,6990.0,873.8
undocumented,5,es,12.0,36.7,1024.7,1061.4,21228.0,2653.5
undocumented,4,es,10.5,35.1,1048.3,1083.4,21668.0,2708.5
undocumented,5,es,12.0,35.1,1041.5,1076.6,21532.0,2691.5
citizen,3,en,13.0,9.0,344.8,353.8,7076.0,884.5
undocumented,4,en,10.5,27.7,720.2,747.9,14958.0,1869.8
permanent_resident,3,en,13.0,16.3,343.8,360.1,7202.0,900.2
undocumented,1,es,9.0,30.4,1041.0,1071.4,21428.0,2678.5
citizen,3,es,14.67,23.7,335.5,359.2,7184.0,898.0
permanent_resident,2,en,8.0,13.9,351.8,365.7,7314.0,914.2
permanent_resident,3,es,11.0,27.8,533.0,560.8,11216.0,1402.0
undocumented,5,en,12.0,29.3,745.2,774.5,15490.0,1936.2
citizen,3,en,10.0,9.7,237.8,247.5,4950.0,618.8
undocumented,1,es,9.0,27.9,1054.8,1082.7,21654.0,2706.8
undocumented,2,es,13.5,39.9,996.9,1036.8,20736.0,2592.0
citizen,1,es,18.0,17.9,448.9,466.8,9336.0,1167.0
undocumented,2,en,10.5,23.0,744.0,767.0,15340.0,1917.5
permanent_resident,4,es,12.0,25.4,559.6,585.0,11700.0,1462.5
citizen,3,es,11.33,18.6,368.6,387.2,7744.0,968.0
permanent_resident,4,es,10.5,15.3,463.7,479.0,9580.0,1197.5
permanent_resident,5,en,12.0,8.3,339.8,348.1,6962.0,870.2
permanent_resident,3,es,13.0,23.9,494.4,518.3,10366.0,1295.8
permanent_resident,1,es,9.0,24.3,454.0,478.3,9566.0,1195.8
undocumented,2,en,15.0,36.7,727.3,764.0,15280.0,1910.0
permanent_resident,3,es,11.67,22.1,410.6,432.7,8654.0,1081.8
permanent_resident,3,en,13.0,19.5,270.9,290.4,5808.0,726.0
DACA,1,en,18.0,34.6,493.3,527.9,10558.0,1319.8
DACA,2,es,9.5,21.6,700.6,722.2,14444.0,1805.5
DACA,4,es,11.5,28.3,714.4,742.7,14854.0,1856.8
permanent_resident,3,en,11.0,3.1,330.9,334.0,6680.0,835.0
undocumented,1,en,9.0,21.0,794.2,815.2,16304.0,2038.0
DACA,2,es,15.0,26.1,735.3,761.4,15228.0,1903.5
citizen,1,es,9.0,18.7,375.1,393.8,7876.0,984.5
undocumented,1,en,9.0,19.4,816.3,835.7,16714.0,2089.2
permanent_resident,1,en,12.0,19.1,337.6,356.7,7134.0,891.8
permanent_resident,5,en,12.0,14.2,371.5,385.7,7714.0,964.2
permanent_resident,1,es,18.0,30.3,493.0,523.3,10466.0,1308.2
citizen,1,es,9.0,14.3,312.2,326.5,6530.0,816.2
DACA,3,en,13.0,24.9,531.7,556.6,11132.0,1391.5
DACA,1,en,12.0,19.1,530.0,549.1,10982.0,1372.8
permanent_resident,1,es,9.0,21.8,505.3,527.1,10542.0,1317.8
citizen,3,en,12.33,16.1,266.3,282.4,5648.0,706.0
permanent_resident,5,es,12.0,21.0,640.0,661.0,13220.0,1652.5
permanent_resident,2,en,12.5,19.2,342.3,361.5,7230.0,903.8
DACA,1,es,7.0,18.9,702.2,721.1,14422.0,1802.8
permanent_resident,5,es,12.0,26.4,508.7,535.1,10702.0,1337.8
citizen,4,en,11.5,7.8,275.7,283.5,5670.0,708.8
DACA,1,en,9.0,16.0,545.8,561.8,11236.0,1404.5
citizen,1,es,9.0,16.1,366.3,382.4,7648.0,956.0
DACA,3,es,9.33,26.3,706.8,733.1,14662.0,1832.8
permanent_resident,2,en,10.5,9.2,338.5,347.7,6954.0,869.2
DACA,3,es,13.0,32.8,706.8,739.6,14792.0,1849.0
DACA,3,es,13.67,31.4,802.4,833.8,16676.0,2084.5
permanent_resident,3,es,12.33,27.7,450.6,478.3,9566.0,1195.8
undocumented,3,en,13.67,32.5,767.0,799.5,15990.0,1998.8
DACA,2,en,12.5,23.0,522.8,545.8,10916.0,1364.5
citizen,5,en,12.0,11.9,197.4,209.3,4186.0,523.2
permanent_resident,2,en,10.5,15.8,346.9,362.7,7254.0,906.8
citizen,3,es,11.33,31.2,357.5,388.7,7774.0,971.8
permanent_resident,2,es,10.5,16.3,486.0,502.3,10046.0,1255.8
citizen,1,en,18.0,15.5,265.7,281.2,5624.0,703.0
undocumented,2,es,11.5,41.3,1020.9,1062.2,21244.0,2655.5
undocumented,1,es,9.0,24.8,1018.2,1043.0,20860.0,2607.5
permanent_resident,1,en,18.0,22.3,364.8,387.1,7742.0,967.8
undocumented,4,en,11.5,27.0,761.4,788.4,15768.0,1971.0
DACA,2,en,12.5,20.1,473.3,493.4,9868.0,1233.5
permanent_resident,3,es,13.67,26.6,490.3,516.9,10338.0,1292.2
citizen,2,es,16.0,25.9,399.6,425.5,8510.0,1063.8
citizen,4,es,10.5,14.7,386.5,401.2,8024.0,1003.0
DACA,2,en,13.0,17.9,489.0,506.9,10138.0,1267.2
permanent_resident,3,es,11.67,13.5,536.6,550.1,11002.0,1375.2
DACA,2,en,13.5,26.1,518.0,544.1,10882.0,1360.2
citizen,4,en,11.5,13.8,256.1,269.9,5398.0,674.8
permanent_resident,5,en,12.0,15.4,366.9,382.3,7646.0,955.8
undocumented,5,es,12.0,35.8,1019.9,1055.7,21114.0,2639.2
permanent_resident,4,es,12.0,23.1,494.8,517.9,10358.0,1294.8
undocumented,4,es,11.5,33.6,1060.5,1094.1,21882.0,2735.2
citizen,1,es,18.0,24.9,348.4,373.3,7466.0,933.2
citizen,1,en,9.0,12.2,237.3,249.5,4990.0,623.8
permanent_resident,1,es,14.0,26.1,465.9,492.0,9840.0,1230.0
DACA,4,es,13.25,30.5,732.1,762.6,15252.0,1906.5
citizen,3,en,13.0,9.4,298.9,308.3,6166.0,770.8
permanent_resident,4,es,12.75,26.1,507.8,533.9,10678.0,1334.8
citizen,1,es,7.0,18.7,366.5,385.2,7704.0,963.0
citizen,5,es,12.0,18.1,380.5,398.6,7972.0,996.5
DACA,2,en,15.0,25.8,503.1,528.9,10578.0,1322.2
undocumented,4,es,13.25,40.7,1036.0,1076.7,21534.0,2691.8
permanent_resident,1,es,7.0,18.8,489.5,508.3,10166.0,1270.8
citizen,3,es,13.0,21.3,448.0,469.3,9386.0,1173.2
permanent_resident,1,en,12.0,15.9,340.9,356.8,7136.0,892.0
permanent_resident,3,en,12.33,14.2,344.9,359.1,7182.0,897.8
permanent_resident,1,es,14.0,23.1,491.2,514.3,10286.0,1285.8
permanent_resident,4,es,13.25,25.4,489.8,515.2,10304.0,1288.0
undocumented,3,es,13.0,39.9,1029.2,1069.1,21382.0,2672.8
citizen,4,en,13.25,4.7,249.4,254.1,5082.0,635.2
permanent_resident,1,en,7.0,8.7,352.8,361.5,7230.0,903.8
undocumented,3,en,11.33,16.9,683.6,700.5,14010.0,1751.2
DACA,2,es,9.5,24.4,725.7,750.1,15002.0,1875.2
permanent_resident,4,en,12.0,18.7,322.9,341.6,6832.0,854.0
permanent_resident,1,en,7.0,3.0,356.2,359.2,7184.0,898.0
undocumented,2,es,16.0,52.8,1033.5,1086.3,21726.0,2715.8
permanent_resident,4,es,12.0,25.6,499.5,525.1,10502.0,1312.8
permanent_resident,3,es,11.67,23.0,492.7,515.7,10314.0,1289.2
DACA,5,en,12.0,22.0,532.9,554.9,11098.0,1387.2
undocumented,4,es,12.0,37.1,1129.9,1167.0,23340.0,2917.5
undocumented,3,en,11.0,23.4,759.9,783.3,15666.0,1958.2
permanent_resident,2,en,13.0,22.1,371.9,394.0,7880.0,985.0
citizen,3,en,13.0,22.6,244.3,266.9,5338.0,667.2
undocumented,2,en,9.5,22.1,704.6,726.7,14534.0,1816.8
permanent_resident,2,en,10.5,12.9,356.5,369.4,7388.0,923.5
undocumented,2,es,12.5,39.9,1087.8,1127.7,22554.0,2819.2
undocumented,2,en,13.5,34.9,738.9,773.8,15476.0,1934.5
undocumented,3,es,10.0,32.8,1057.9,1090.7,21814.0,2726.8
undocumented,4,en,13.25,30.5,759.2,789.7,15794.0,1974.2
citizen,4,es,13.25,19.5,446.8,466.3,9326.0,1165.8
citizen,1,en,18.0,18.6,253.4,272.0,5440.0,680.0
DACA,3,en,9.33,14.7,477.9,492.6,9852.0,1231.5
citizen,2,es,11.5,16.8,430.4,447.2,8944.0,1118.0
citizen,3,es,12.33,19.2,372.7,391.9,7838.0,979.8
DACA,3,en,14.67,24.3,493.9,518.2,10364.0,1295.5
citizen,2,en,12.5,8.4,272.4,280.8,5616.0,702.0
DACA,1,es,9.0,24.7,705.4,730.1,14602.0,1825.2
undocumented,2,es,10.5,36.2,1026.6,1062.8,21256.0,2657.0
DACA,3,en,11.67,22.1,563.8,585.9,11718.0,1464.8
DACA,2,es,16.0,37.0,698.6,735.6,14712.0,1839.0
permanent_resident,1,en,9.0,9.0,350.2,359.2,7184.0,898.0
permanent_resident,1,es,7.0,14.5,485.2,499.7,9994.0,1249.2
undocumented,2,es,15.0,42.8,1056.7,1099.5,21990.0,2748.8
undocumented,3,en,13.67,33.7,714.1,747.8,14956.0,1869.5
permanent_resident,3,es,11.33,35.5,471.3,506.8,10136.0,1267.0
undocumented,1,es,14.0,41.8,1043.5,1085.3,21706.0,2713.2
undocumented,1,es,7.0,22.6,1007.5,1030.1,20602.0,2575.2
permanent_resident,2,es,10.5,24.7,494.1,518.8,10376.0,1297.0
undocumented,1,en,14.0,36.4,759.4,795.8,15916.0,1989.5
undocumented,1,es,14.0,43.5,1033.4,1076.9,21538.0,2692.2
DACA,1,en,9.0,20.6,487.1,507.7,10154.0,1269.2
DACA,2,es,15.0,36.0,701.9,737.9,14758.0,1844.8
undocumented,3,es,11.33,35.3,1041.7,1077.0,21540.0,2692.5
DACA,3,es,11.0,34.4,694.9,729.3,14586.0,1823.2
undocumented,3,es,11.33,38.3,1033.0,1071.3,21426.0,2678.2
citizen,1,es,14.0,22.5,375.4,397.9,7958.0,994.8
DACA,5,es,12.0,24.6,748.7,773.3,15466.0,1933.2
citizen,4,es,13.25,22.8,374.1,396.9,7938.0,992.2
DACA,4,en,12.0,21.6,473.6,495.2,9904.0,1238.0
permanent_resident,1,es,7.0,10.6,454.8,465.4,9308.0,1163.5
citizen,3,en,13.0,9.9,241.5,251.4,5028.0,628.5
DACA,3,es,11.67,29.1,706.8,735.9,14718.0,1839.8
citizen,2,es,9.5,18.1,431.6,449.7,8994.0,1124.2
citizen,5,es,12.0,20.3,377.8,398.1,7962.0,995.2
permanent_resident,5,es,12.0,23.9,489.2,513.1,10262.0,1282.8
citizen,2,es,8.0,13.5,375.4,388.9,7778.0,972.2
permanent_resident,5,en,12.0,14.8,367.7,382.5,7650.0,956.2
permanent_resident,5,es,12.0,23.4,476.5,499.9,9998.0,1249.8
permanent_resident,2,es,12.5,14.1,475.5,489.6,9792.0,1224.0
DACA,2,en,8.0,12.6,504.6,517.2,10344.0,1293.0
DACA,4,en,13.25,25.9,493.8,519.7,10394.0,1299.2
undocumented,3,en,9.33,18.1,744.9,763.0,15260.0,1907.5
citizen,2,es,16.0,26.3,372.1,398.4,7968.0,996.0
DACA,3,en,11.33,23.3,499.3,522.6,10452.0,1306.5
undocumented,2,es,8.0,28.9,1039.8,1068.7,21374.0,2671.8
permanent_resident,3,en,11.33,13.6,350.9,364.5,7290.0,911.2
citizen,5,es,12.0,21.1,402.0,423.1,8462.0,1057.8
DACA,5,es,12.0,27.3,802.5,829.8,16596.0,2074.5
citizen,3,es,10.0,18.1,369.2,387.3,7746.0,968.2
undocumented,3,es,10.0,29.0,1038.7,1067.7,21354.0,2669.2
undocumented,1,es,14.0,42.6,1042.5,1085.1,21702.0,2712.8
citizen,2,en,15.0,14.2,256.8,271.0,5420.0,677.5
permanent_resident,1,en,12.0,18.2,325.4,343.6,6872.0,859.0
permanent_resident,2,en,10.5,11.9,349.4,361.3,7226.0,903.2
undocumented,2,en,9.5,23.2,771.4,794.6,15892.0,1986.5
undocumented,2,es,15.0,42.4,1100.6,1143.0,22860.0,2857.5
permanent_resident,2,en,10.5,16.2,431.4,447.6,8952.0,1119.0
DACA,1,en,9.0,15.4,473.5,488.9,9778.0,1222.2
citizen,4,es,11.5,17.7,367.7,385.4,7708.0,963.5
permanent_resident,5,es,12.0,17.7,493.2,510.9,10218.0,1277.2
citizen,3,es,11.0,13.5,370.5,384.0,7680.0,960.0
citizen,2,en,15.0,20.6,262.1,282.7,5654.0,706.8
permanent_resident,1,en,12.0,14.1,330.4,344.5,6890.0,861.2
undocumented,1,en,9.0,14.6,771.1,785.7,15714.0,1964.2
permanent_resident,1,es,7.0,15.2,486.3,501.5,10030.0,1253.8
citizen,2,en,8.0,8.2,283.7,291.9,5838.0,729.8
citizen,1,es,18.0,21.5,385.8,407.3,8146.0,1018.2
citizen,3,es,11.0,20.5,386.3,406.8,8136.0,1017.0
permanent_resident,2,es,10.5,23.0,425.2,448.2,8964.0,1120.5
citizen,1,es,18.0,25.7,363.1,388.8,7776.0,972.0
DACA,2,es,13.5,30.6,695.5,726.1,14522.0,1815.2
permanent_resident,1,es,9.0,18.0,421.2,439.2,8784.0,1098.0
DACA,3,es,11.33,28.1,705.2,733.3,14666.0,1833.2
DACA,3,es,13.0,33.0,691.4,724.4,14488.0,1811.0
DACA,1,es,12.0,28.4,701.5,729.9,14598.0,1824.8
DACA,2,en,12.5,25.6,502.9,528.5,10570.0,1321.2
citizen,1,es,18.0,28.8,356.1,384.9,7698.0,962.2
undocumented,5,es,12.0,29.3,1023.9,1053.2,21064.0,2633.0
permanent_resident,2,en,10.5,13.3,364.0,377.3,7546.0,943.2
undocumented,1,es,18.0,51.2,1030.5,1081.7,21634.0,2704.2
undocumented,1,en,18.0,43.1,740.4,783.5,15670.0,1958.8
undocumented,2,en,11.5,30.0,727.9,757.9,15158.0,1894.8
undocumented,4,en,10.5,21.4,739.9,761.3,15226.0,1903.2
undocumented,1,es,18.0,57.3,1138.8,1196.1,23922.0,2990.2
undocumented,3,en,10.0,27.4,755.8,783.2,15664.0,1958.0
undocumented,4,es,12.75,47.6,991.2,1038.8,20776.0,2597.0
citizen,1,en,12.0,10.3,314.2,324.5,6490.0,811.2
DACA,1,en,14.0,27.6,573.5,601.1,12022.0,1502.8
citizen,1,en,14.0,14.7,328.8,343.5,6870.0,858.8
undocumented,3,en,13.67,31.1,742.3,773.4,15468.0,1933.5
permanent_resident,1,en,12.0,17.1,354.1,371.2,7424.0,928.0
DACA,1,en,9.0,14.6,497.8,512.4,10248.0,1281.0
DACA,3,es,11.67,27.5,686.1,713.6,14272.0,1784.0
undocumented,4,es,13.25,41.3,1043.6,1084.9,21698.0,2712.2
undocumented,1,es,9.0,29.5,1035.8,1065.3,21306.0,2663.2
undocumented,2,es,16.0,46.4,1055.3,1101.7,22034.0,2754.2
permanent_resident,5,en,12.0,14.5,352.3,366.8,7336.0,917.0
DACA,3,es,9.33,25.1,654.9,680.0,13600.0,1700.0
permanent_resident,3,en,14.67,33.5,417.2,450.7,9014.0,1126.8
permanent_resident,3,en,11.67,15.5,347.5,363.0,7260.0,907.5
DACA,4,es,12.0,30.5,686.2,716.7,14334.0,1791.8
citizen,3,es,13.67,19.9,391.5,411.4,8228.0,1028.5
permanent_resident,3,en,13.67,13.4,346.9,360.3,7206.0,900.8
permanent_resident,3,es,10.0,23.6,477.3,500.9,10018.0,1252.2
permanent_resident,2,es,8.0,11.9,468.3,480.2,9604.0,1200.5
DACA,4,es,11.5,34.2,682.4,716.6,14332.0,1791.5
permanent_resident,5,es,12.0,24.1,462.9,487.0,9740.0,1217.5
citizen,2,en,13.0,10.4,247.2,257.6,5152.0,644.0
undocumented,2,en,10.5,31.7,778.3,810.0,16200.0,2025.0
permanent_resident,3,en,11.33,15.7,401.1,416.8,8336.0,1042.0
DACA,3,en,11.67,19.5,437.0,456.5,9130.0,1141.2
citizen,1,en,9.0,8.7,247.8,256.5,5130.0,641.2
undocumented,3,en,13.67,36.5,732.9,769.4,15388.0,1923.5
DACA,3,en,10.0,18.1,509.1,527.2,10544.0,1318.0
citizen,5,es,12.0,26.0,355.1,381.1,7622.0,952.8
undocumented,1,es,14.0,43.6,1081.1,1124.7,22494.0,2811.8
citizen,3,en,14.67,15.6,248.8,264.4,5288.0,661.0
undocumented,3,en,12.33,33.4,777.6,811.0,16220.0,2027.5
undocumented,1,es,12.0,29.1,1042.4,1071.5,21430.0,2678.8
undocumented,3,en,10.0,24.0,712.0,736.0,14720.0,1840.0
permanent_resident,3,es,9.33,8.8,482.8,491.6,9832.0,1229.0
undocumented,3,es,13.0,35.6,1038.4,1074.0,21480.0,2685.0
permanent_resident,2,es,9.5,21.8,493.1,514.9,10298.0,1287.2
undocumented,5,es,12.0,38.7,1034.1,1072.8,21456.0,2682.0
DACA,1,es,18.0,41.9,727.7,769.6,15392.0,1924.0
permanent_resident,4,es,13.25,27.7,586.7,614.4,12288.0,1536.0
permanent_resident,5,es,12.0,15.1,485.5,500.6,10012.0,1251.5
citizen,2,es,12.5,16.5,379.0,395.5,7910.0,988.8
undocumented,5,en,12.0,27.2,738.1,765.3,15306.0,1913.2
permanent_resident,2,en,15.0,21.7,351.1,372.8,7456.0,932.0
citizen,2,en,10.5,8.5,258.7,267.2,5344.0,668.0
undocumented,1,es,12.0,45.5,1031.3,1076.8,21536.0,2692.0
permanent_resident,2,en,13.0,14.2,362.7,376.9,7538.0,942.2
undocumented,3,es,9.33,32.7,1063.1,1095.8,21916.0,2739.5
DACA,3,en,9.33,16.6,513.7,530.3,10606.0,1325.8
permanent_resident,2,en,15.0,26.0,374.9,400.9,8018.0,1002.2
undocumented,1,es,12.0,33.2,1046.1,1079.3,21586.0,2698.2
permanent_resident,3,es,13.0,26.5,470.8,497.3,9946.0,1243.2
citizen,3,es,13.0,43.6,372.5,416.1,8322.0,1040.2
permanent_resident,3,en,10.0,12.7,372.9,385.6,7712.0,964.0
undocumented,2,es,8.0,26.6,1030.7,1057.3,21146.0,2643.2
undocumented,5,en,12.0,30.9,773.8,804.7,16094.0,2011.8
permanent_resident,2,en,16.0,20.2,336.2,356.4,7128.0,891.0
permanent_resident,2,en,10.5,12.6,309.9,322.5,6450.0,806.2
undocumented,5,en,12.0,32.9,744.6,777.5,15550.0,1943.8
undocumented,2,en,8.0,23.2,723.3,746.5,14930.0,1866.2
DACA,3,es,11.0,29.7,691.3,721.0,14420.0,1802.5
citizen,2,es,13.5,18.1,390.4,408.5,8170.0,1021.2
undocumented,2,es,13.5,35.7,1026.1,1061.8,21236.0,2654.5
undocumented,3,es,9.33,30.0,1047.5,1077.5,21550.0,2693.8
DACA,2,en,12.5,20.7,519.5,540.2,10804.0,1350.5
permanent_resident,1,en,18.0,19.1,360.1,379.2,7584.0,948.0
undocumented,1,en,18.0,44.6,741.2,785.8,15716.0,1964.5
citizen,1,es,12.0,19.2,386.8,406.0,8120.0,1015.0
DACA,2,en,12.5,27.8,472.7,500.5,10010.0,1251.2
permanent_resident,2,en,13.0,17.3,356.8,374.1,7482.0,935.2
DACA,2,en,10.5,21.0,538.7,559.7,11194.0,1399.2
citizen,5,en,12.0,14.2,259.1,273.3,5466.0,683.2
permanent_resident,2,en,13.5,25.5,352.1,377.6,7552.0,944.0
undocumented,1,en,9.0,18.0,731.0,749.0,14980.0,1872.5
permanent_resident,2,en,10.5,14.9,326.2,341.1,6822.0,852.8
undocumented,2,en,10.5,13.2,745.5,758.7,15174.0,1896.8
undocumented,5,es,12.0,35.7,1041.6,1077.3,21546.0,2693.2
citizen,2,en,13.0,12.2,257.8,270.0,5400.0,675.0
citizen,1,es,12.0,18.2,277.7,295.9,5918.0,739.8
permanent_resident,3,es,9.33,21.4,469.2,490.6,9812.0,1226.5
undocumented,5,en,12.0,40.8,762.3,803.1,16062.0,2007.8
undocumented,5,es,12.0,39.8,1040.0,1079.8,21596.0,2699.5
undocumented,3,es,12.33,35.0,1043.3,1078.3,21566.0,2695.8
citizen,1,en,12.0,11.7,213.6,225.3,4506.0,563.2
permanent_resident,5,es,12.0,24.1,472.0,496.1,9922.0,1240.2
undocumented,3,es,11.0,31.0,1060.4,1091.4,21828.0,2728.5
undocumented,5,en,12.0,28.0,738.3,766.3,15326.0,1915.8
permanent_resident,2,en,8.0,17.4,330.3,347.7,6954.0,869.2
undocumented,1,en,14.0,33.7,742.6,776.3,15526.0,1940.8
undocumented,3,en,13.67,29.8,742.9,772.7,15454.0,1931.8
undocumented,3,es,10.0,32.2,1043.3,1075.5,21510.0,2688.8
permanent_resident,3,en,13.0,5.9,361.6,367.5,7350.0,918.8
DACA,5,en,12.0,16.9,514.2,531.1,10622.0,1327.8
permanent_resident,2,en,15.0,5.4,326.6,332.0,6640.0,830.0
permanent_resident,1,en,12.0,17.5,357.5,375.0,7500.0,937.5
citizen,1,en,14.0,13.1,264.9,278.0,5560.0,695.0
citizen,1,en,18.0,16.5,260.4,276.9,5538.0,692.2
citizen,2,en,15.0,15.2,266.4,281.6,5632.0,704.0
undocumented,1,en,12.0,27.4,722.6,750.0,15000.0,1875.0
DACA,3,en,13.0,27.0,440.6,467.6,9352.0,1169.0
undocumented,4,en,13.25,31.5,746.8,778.3,15566.0,1945.8
citizen,3,es,13.67,24.6,400.7,425.3,8506.0,1063.2
citizen,1,en,12.0,10.6,324.8,335.4,6708.0,838.5
permanent_resident,1,en,18.0,16.8,348.9,365.7,7314.0,914.2
permanent_resident,4,es,11.5,27.5,471.2,498.7,9974.0,1246.8
citizen,4,es,12.0,15.0,266.6,281.6,5632.0,704.0
DACA,5,es,12.0,30.2,699.3,729.5,14590.0,1823.8
undocumented,1,es,12.0,34.1,1028.1,1062.2,21244.0,2655.5
citizen,3,es,10.0,15.7,349.4,365.1,7302.0,912.8
DACA,3,en,13.0,24.8,436.9,461.7,9234.0,1154.2
permanent_resident,3,es,11.0,24.5,478.0,502.5,10050.0,1256.2
permanent_resident,1,es,7.0,22.2,485.9,508.1,10162.0,1270.2
permanent_resident,1,en,14.0,23.3,385.2,408.5,8170.0,1021.2
undocumented,1,en,7.0,17.8,729.7,747.5,14950.0,1868.8
undocumented,2,en,13.0,33.0,771.3,804.3,16086.0,2010.8
undocumented,1,en,14.0,30.8,749.2,780.0,15600.0,1950.0
undocumented,5,es,12.0,37.5,1035.1,1072.6,21452.0,2681.5
citizen,3,es,11.67,19.5,378.6,398.1,7962.0,995.2
permanent_resident,2,en,13.0,15.0,317.3,332.3,6646.0,830.8
permanent_resident,1,es,7.0,17.6,492.2,509.8,10196.0,1274.5
citizen,4,en,10.5,9.7,267.5,277.2,5544.0,693.0
undocumented,3,en,11.33,23.9,736.0,759.9,15198.0,1899.8
DACA,1,en,14.0,24.6,497.5,522.1,10442.0,1305.2
undocumented,1,es,9.0,28.6,1036.6,1065.2,21304.0,2663.0
DACA,1,es,18.0,42.3,709.1,751.4,15028.0,1878.5
undocumented,5,es,12.0,36.0,1041.5,1077.5,21550.0,2693.8
citizen,4,es,13.25,13.1,365.1,378.2,7564.0,945.5
DACA,1,en,12.0,20.3,525.3,545.6,10912.0,1364.0
undocumented,3,es,13.67,43.3,1046.9,1090.2,21804.0,2725.5
permanent_resident,2,en,15.0,21.6,358.2,379.8,7596.0,949.5
undocumented,5,es,12.0,36.7,1024.4,1061.1,21222.0,2652.8
permanent_resident,3,es,11.33,20.3,485.0,505.3,10106.0,1263.2
citizen,5,es,12.0,20.5,378.1,398.6,7972.0,996.5
citizen,4,en,11.5,11.5,249.3,260.8,5216.0,652.0
citizen,1,en,7.0,8.7,248.0,256.7,5134.0,641.8
citizen,2,en,16.0,16.6,307.6,324.2,6484.0,810.5
undocumented,1,es,7.0,25.5,1043.1,1068.6,21372.0,2671.5
citizen,1,es,7.0,14.7,366.3,381.0,7620.0,952.5
permanent_resident,4,es,10.5,19.4,517.5,536.9,10738.0,1342.2
permanent_resident,3,es,12.33,25.6,500.6,526.2,10524.0,1315.5
undocumented,4,en,11.5,26.8,753.9,780.7,15614.0,1951.8
undocumented,3,es,9.33,32.5,1168.4,1200.9,24018.0,3002.2
permanent_resident,1,es,12.0,10.7,450.9,461.6,9232.0,1154.0
undocumented,5,es,12.0,39.7,1024.5,1064.2,21284.0,2660.5
DACA,5,en,12.0,22.3,440.9,463.2,9264.0,1158.0
DACA,2,es,11.5,29.3,675.6,704.9,14098.0,1762.2
citizen,2,es,10.5,18.8,326.4,345.2,6904.0,863.0
permanent_resident,1,en,7.0,7.1,344.0,351.1,7022.0,877.8
citizen,3,es,14.67,28.9,358.2,387.1,7742.0,967.8
DACA,1,en,18.0,37.2,505.4,542.6,10852.0,1356.5
citizen,2,es,16.0,24.2,403.3,427.5,8550.0,1068.8
permanent_resident,4,es,10.5,37.8,465.8,503.6,10072.0,1259.0
undocumented,4,en,13.25,28.0,733.6,761.6,15232.0,1904.0
undocumented,1,es,12.0,37.3,1051.5,1088.8,21776.0,2722.0
DACA,1,es,18.0,37.7,699.1,736.8,14736.0,1842.0
undocumented,2,en,12.5,31.7,762.5,794.2,15884.0,1985.5
citizen,4,es,12.0,19.9,371.6,391.5,7830.0,978.8
DACA,2,en,9.5,6.5,488.5,495.0,9900.0,1237.5
DACA,4,es,11.5,27.6,722.3,749.9,14998.0,1874.8
DACA,3,es,10.0,23.5,711.9,735.4,14708.0,1838.5
undocumented,5,es,12.0,39.9,1027.1,1067.0,21340.0,2667.5
undocumented,3,en,9.33,22.1,716.2,738.3,14766.0,1845.8
undocumented,5,es,12.0,35.7,1040.6,1076.3,21526.0,2690.8
DACA,2,es,13.5,33.7,690.8,724.5,14490.0,1811.2
DACA,2,en,15.0,26.4,506.0,532.4,10648.0,1331.0
DACA,3,es,11.0,27.2,722.8,750.0,15000.0,1875.0
undocumented,1,en,12.0,27.1,726.7,753.8,15076.0,1884.5
DACA,2,en,8.0,15.2,517.0,532.2,10644.0,1330.5
citizen,1,en,12.0,12.3,262.3,274.6,5492.0,686.5
DACA,4,en,10.5,16.5,518.3,534.8,10696.0,1337.0
DACA,1,en,7.0,10.3,506.6,516.9,10338.0,1292.2
permanent_resident,1,en,7.0,10.3,289.1,299.4,5988.0,748.5
DACA,5,en,12.0,27.7,519.9,547.6,10952.0,1369.0
citizen,1,en,7.0,5.6,270.9,276.5,5530.0,691.2
DACA,1,en,7.0,14.2,495.6,509.8,10196.0,1274.5
permanent_resident,1,es,14.0,20.3,495.7,516.0,10320.0,1290.0
DACA,1,en,7.0,15.4,486.1,501.5,10030.0,1253.8
citizen,3,en,11.33,10.0,259.9,269.9,5398.0,674.8
undocumented,1,es,12.0,39.7,1062.9,1102.6,22052.0,2756.5
DACA,5,es,12.0,30.9,708.5,739.4,14788.0,1848.5
DACA,1,es,14.0,29.6,750.6,780.2,15604.0,1950.5
permanent_resident,3,es,10.0,22.7,474.1,496.8,9936.0,1242.0
permanent_resident,3,en,13.67,13.0,287.3,300.3,6006.0,750.8
citizen,1,en,12.0,11.3,238.5,249.8,4996.0,624.5
permanent_resident,2,en,15.0,23.4,342.6,366.0,7320.0,915.0
undocumented,2,es,10.5,34.3,1081.5,1115.8,22316.0,2789.5
DACA,4,es,12.75,32.5,704.3,736.8,14736.0,1842.0
DACA,2,es,15.0,27.5,729.6,757.1,15142.0,1892.8
DACA,2,es,10.5,26.6,705.7,732.3,14646.0,1830.8
DACA,1,es,12.0,30.4,695.4,725.8,14516.0,1814.5
DACA,4,en,13.25,22.4,473.1,495.5,9910.0,1238.8
DACA,1,en,9.0,14.7,499.4,514.1,10282.0,1285.2
undocumented,2,en,16.0,36.6,728.9,765.5,15310.0,1913.8
DACA,3,es,11.0,29.5,706.8,736.3,14726.0,1840.8
permanent_resident,5,en,12.0,15.3,281.6,296.9,5938.0,742.2
permanent_resident,5,es,12.0,22.2,456.1,478.3,9566.0,1195.8
citizen,1,es,9.0,16.1,397.4,413.5,8270.0,1033.8
permanent_resident,5,es,12.0,22.2,520.8,543.0,10860.0,1357.5
DACA,2,en,12.5,21.4,506.5,527.9,10558.0,1319.8
DACA,1,es,9.0,21.1,722.7,743.8,14876.0,1859.5
DACA,1,es,14.0,39.3,702.7,742.0,14840.0,1855.0
citizen,5,en,12.0,12.7,255.3,268.0,5360.0,670.0
citizen,2,es,11.5,18.8,384.6,403.4,8068.0,1008.5
permanent_resident,1,es,14.0,28.2,440.9,469.1,9382.0,1172.8
citizen,3,en,9.33,5.7,209.6,215.3,4306.0,538.2
citizen,5,es,12.0,18.0,382.5,400.5,8010.0,1001.2
citizen,5,es,12.0,5.1,356.9,362.0,7240.0,905.0
undocumented,3,en,12.33,27.6,742.6,770.2,15404.0,1925.5
undocumented,2,es,16.0,56.4,1079.4,1135.8,22716.0,2839.5
undocumented,1,es,18.0,50.6,1039.7,1090.3,21806.0,2725.8
citizen,4,en,12.75,8.1,257.6,265.7,5314.0,664.2
undocumented,4,en,12.75,17.2,708.8,726.0,14520.0,1815.0
undocumented,1,es,14.0,42.8,997.4,1040.2,20804.0,2600.5
citizen,1,en,9.0,8.2,265.7,273.9,5478.0,684.8
DACA,1,en,9.0,16.6,526.2,542.8,10856.0,1357.0
citizen,4,es,10.5,15.4,372.4,387.8,7756.0,969.5
citizen,1,en,7.0,9.6,274.9,284.5,5690.0,711.2
permanent_resident,3,es,11.33,19.2,494.0,513.2,10264.0,1283.0
DACA,5,es,12.0,31.0,727.0,758.0,15160.0,1895.0
DACA,2,en,13.0,23.3,415.2,438.5,8770.0,1096.2
undocumented,3,es,11.33,35.3,1043.9,1079.2,21584.0,2698.0
undocumented,2,en,13.0,30.9,760.0,790.9,15818.0,1977.2
permanent_resident,1,es,7.0,12.9,487.2,500.1,10002.0,1250.2
undocumented,1,en,7.0,14.5,740.5,755.0,15100.0,1887.5
citizen,4,es,13.25,25.0,355.0,380.0,7600.0,950.0
permanent_resident,3,es,11.33,21.4,541.9,563.3,11266.0,1408.2
DACA,2,en,13.0,30.8,506.4,537.2,10744.0,1343.0
DACA,4,en,10.5,22.1,508.5,530.6,10612.0,1326.5
permanent_resident,5,en,12.0,18.2,336.5,354.7,7094.0,886.8
citizen,2,en,16.0,15.2,274.7,289.9,5798.0,724.8
permanent_resident,1,en,12.0,14.4,341.7,356.1,7122.0,890.2
DACA,4,en,11.5,18.4,507.9,526.3,10526.0,1315.8
DACA,1,en,9.0,15.8,665.5,681.3,13626.0,1703.2
DACA,3,en,12.33,19.0,536.5,555.5,11110.0,1388.8
permanent_resident,3,en,13.0,15.7,348.5,364.2,7284.0,910.5
citizen,5,es,12.0,18.1,371.2,389.3,7786.0,973.2
permanent_resident,1,es,18.0,30.9,477.7,508.6,10172.0,1271.5
DACA,5,es,12.0,29.9,718.7,748.6,14972.0,1871.5
DACA,4,en,12.0,23.0,507.4,530.4,10608.0,1326.0
citizen,2,es,13.5,22.8,366.2,389.0,7780.0,972.5
DACA,2,es,13.0,47.3,713.0,760.3,15206.0,1900.8
citizen,3,es,14.67,25.0,372.7,397.7,7954.0,994.2
undocumented,5,en,12.0,27.8,722.0,749.8,14996.0,1874.5
undocumented,3,es,9.33,36.5,1065.1,1101.6,22032.0,2754.0
undocumented,4,en,10.5,24.7,751.8,776.5,15530.0,1941.2
undocumented,2,en,12.5,29.6,744.0,773.6,15472.0,1934.0
DACA,5,es,12.0,26.1,707.3,733.4,14668.0,1833.5
citizen,1,en,12.0,4.0,260.6,264.6,5292.0,661.5
citizen,1,es,7.0,18.9,336.7,355.6,7112.0,889.0
DACA,1,en,12.0,22.5,505.0,527.5,10550.0,1318.8
DACA,3,es,11.0,28.0,713.2,741.2,14824.0,1853.0
permanent_resident,2,en,12.5,19.8,334.6,354.4,7088.0,886.0
DACA,3,es,11.0,34.2,725.8,760.0,15200.0,1900.0
citizen,3,es,11.0,18.4,374.9,393.3,7866.0,983.2
DACA,5,es,12.0,30.6,684.2,714.8,14296.0,1787.0
DACA,3,en,11.0,14.1,505.3,519.4,10388.0,1298.5
citizen,1,en,18.0,21.4,278.5,299.9,5998.0,749.8
DACA,1,es,14.0,28.4,709.9,738.3,14766.0,1845.8
undocumented,2,es,12.5,40.4,1055.0,1095.4,21908.0,2738.5
undocumented,5,es,12.0,35.7,1041.6,1077.3,21546.0,2693.2
DACA,1,es,18.0,24.2,708.1,732.3,14646.0,1830.8
undocumented,4,en,10.5,22.8,739.7,762.5,15250.0,1906.2
citizen,4,en,12.0,10.8,352.8,363.6,7272.0,909.0
citizen,2,es,13.5,24.9,355.4,380.3,7606.0,950.8
undocumented,3,es,10.0,30.6,1030.6,1061.2,21224.0,2653.0
undocumented,1,es,14.0,38.0,1107.3,1145.3,22906.0,2863.2
citizen,1,es,9.0,17.1,431.7,448.8,8976.0,1122.0
undocumented,5,es,12.0,34.4,1031.2,1065.6,21312.0,2664.0
citizen,5,es,12.0,18.5,359.4,377.9,7558.0,944.8
permanent_resident,3,en,13.67,17.6,363.3,380.9,7618.0,952.2
citizen,3,en,13.0,8.5,269.8,278.3,5566.0,695.8
undocumented,5,es,12.0,48.4,1074.4,1122.8,22456.0,2807.0
DACA,2,en,13.0,25.6,488.7,514.3,10286.0,1285.8
citizen,4,en,10.5,6.1,264.5,270.6,5412.0,676.5
permanent_resident,4,es,13.25,28.2,473.9,502.1,10042.0,1255.2
undocumented,2,en,13.0,39.2,736.9,776.1,15522.0,1940.2
permanent_resident,2,en,8.0,11.0,322.5,333.5,6670.0,833.8
DACA,1,en,18.0,35.1,516.7,551.8,11036.0,1379.5
permanent_resident,3,es,11.33,24.2,492.5,516.7,10334.0,1291.8
DACA,1,es,18.0,43.2,764.0,807.2,16144.0,2018.0
citizen,5,en,12.0,10.8,252.0,262.8,5256.0,657.0
permanent_resident,4,en,12.0,2.1,343.8,345.9,6918.0,864.8
DACA,4,en,11.5,20.2,515.4,535.6,10712.0,1339.0
undocumented,1,es,18.0,51.2,1075.8,1127.0,22540.0,2817.5
citizen,4,es,12.0,23.5,385.4,408.9,8178.0,1022.2
citizen,5,es,12.0,12.6,372.3,384.9,7698.0,962.2
permanent_resident,2,en,10.5,12.2,337.7,349.9,6998.0,874.8
citizen,5,es,12.0,21.2,393.3,414.5,8290.0,1036.2
DACA,2,es,16.0,40.0,707.6,747.6,14952.0,1869.0
DACA,5,en,12.0,20.1,523.8,543.9,10878.0,1359.8
DACA,4,es,11.5,27.0,690.7,717.7,14354.0,1794.2
permanent_resident,3,en,10.0,11.0,361.7,372.7,7454.0,931.8
citizen,2,es,10.5,21.2,399.7,420.9,8418.0,1052.2
permanent_resident,3,es,10.0,21.2,462.0,483.2,9664.0,1208.0
undocumented,3,en,13.67,32.7,740.4,773.1,15462.0,1932.8
undocumented,4,en,10.5,25.6,727.8,753.4,15068.0,1883.5
undocumented,1,en,18.0,37.1,725.3,762.4,15248.0,1906.0
DACA,4,en,13.25,23.3,494.4,517.7,10354.0,1294.2
permanent_resident,1,es,18.0,25.2,465.0,490.2,9804.0,1225.5
DACA,1,es,7.0,35.3,763.5,798.8,15976.0,1997.0
undocumented,3,en,14.67,39.3,716.6,755.9,15118.0,1889.8
undocumented,2,es,15.0,40.0,1052.3,1092.3,21846.0,2730.8
undocumented,1,en,12.0,28.0,759.6,787.6,15752.0,1969.0
permanent_resident,1,es,14.0,25.8,467.9,493.7,9874.0,1234.2
citizen,3,es,13.0,23.1,377.5,400.6,8012.0,1001.5
undocumented,5,es,12.0,39.1,1041.7,1080.8,21616.0,2702.0
undocumented,1,es,18.0,51.5,982.4,1033.9,20678.0,2584.8
permanent_resident,1,en,18.0,32.8,466.6,499.4,9988.0,1248.5
undocumented,5,en,12.0,26.2,728.8,755.0,15100.0,1887.5
citizen,2,es,10.5,19.0,352.3,371.3,7426.0,928.2
permanent_resident,1,es,14.0,13.4,469.5,482.9,9658.0,1207.2
undocumented,1,es,18.0,52.7,1049.0,1101.7,22034.0,2754.2
citizen,1,es,7.0,17.6,361.3,378.9,7578.0,947.2
undocumented,3,es,10.0,29.2,1016.5,1045.7,20914.0,2614.2
DACA,3,es,13.67,34.6,710.9,745.5,14910.0,1863.8
DACA,5,es,12.0,44.9,686.0,730.9,14618.0,1827.2
DACA,3,en,11.67,25.3,509.1,534.4,10688.0,1336.0
citizen,3,en,10.0,9.9,278.7,288.6,5772.0,721.5
citizen,3,en,13.0,12.7,246.4,259.1,5182.0,647.8
citizen,4,es,13.25,28.0,369.9,397.9,7958.0,994.8
citizen,2,en,15.0,15.2,285.8,301.0,6020.0,752.5
DACA,5,en,12.0,19.0,500.7,519.7,10394.0,1299.2
citizen,1,es,14.0,19.4,357.0,376.4,7528.0,941.0
citizen,4,es,11.5,22.0,361.3,383.3,7666.0,958.2
citizen,4,en,11.5,12.3,243.8,256.1,5122.0,640.2
permanent_resident,1,es,14.0,23.2,510.9,534.1,10682.0,1335.2
DACA,1,es,9.0,29.4,699.9,729.3,14586.0,1823.2
permanent_resident,3,en,9.33,11.3,334.6,345.9,6918.0,864.8
DACA,1,es,7.0,19.3,681.0,700.3,14006.0,1750.8
undocumented,1,en,12.0,30.8,706.3,737.1,14742.0,1842.8
permanent_resident,4,en,12.0,15.3,368.8,384.1,7682.0,960.2
permanent_resident,2,es,13.0,33.0,490.7,523.7,10474.0,1309.2
undocumented,4,es,11.5,34.8,1054.1,1088.9,21778.0,2722.2
undocumented,2,en,16.0,40.1,734.6,774.7,15494.0,1936.8
DACA,2,en,15.0,26.5,506.1,532.6,10652.0,1331.5
DACA,3,es,13.0,35.1,694.9,730.0,14600.0,1825.0
citizen,3,en,10.0,7.3,244.8,252.1,5042.0,630.2
citizen,3,en,10.0,16.2,221.1,237.3,4746.0,593.2
permanent_resident,2,es,15.0,25.0,490.4,515.4,10308.0,1288.5
citizen,2,es,16.0,26.9,452.1,479.0,9580.0,1197.5
permanent_resident,2,es,8.0,16.5,464.8,481.3,9626.0,1203.2
permanent_resident,1,en,18.0,18.3,364.7,383.0,7660.0,957.5
undocumented,5,es,12.0,35.3,1036.7,1072.0,21440.0,2680.0
citizen,4,en,13.25,10.6,215.1,225.7,4514.0,564.2
DACA,2,en,10.5,18.7,510.7,529.4,10588.0,1323.5
permanent_resident,1,es,18.0,29.5,474.6,504.1,10082.0,1260.2
undocumented,2,en,12.5,27.0,717.2,744.2,14884.0,1860.5
permanent_resident,5,en,12.0,16.5,344.1,360.6,7212.0,901.5
citizen,1,es,9.0,18.6,370.7,389.3,7786.0,973.2
citizen,2,es,13.0,17.4,360.9,378.3,7566.0,945.8
permanent_resident,3,en,13.67,16.2,361.1,377.3,7546.0,943.2
DACA,1,en,12.0,31.1,642.9,674.0,13480.0,1685.0
citizen,2,en,13.5,12.5,254.0,266.5,5330.0,666.2
DACA,2,es,10.5,28.2,693.9,722.1,14442.0,1805.2
permanent_resident,2,es,12.5,24.3,452.5,476.8,9536.0,1192.0
permanent_resident,2,en,15.0,24.3,346.1,370.4,7408.0,926.0
DACA,3,es,13.0,33.3,741.5,774.8,15496.0,1937.0
DACA,3,es,9.33,27.2,704.4,731.6,14632.0,1829.0
citizen,2,en,13.5,20.9,341.0,361.9,7238.0,904.8
citizen,4,es,10.5,18.1,532.2,550.3,11006.0,1375.8
DACA,2,es,16.0,35.0,749.0,784.0,15680.0,1960.0
permanent_resident,1,es,7.0,17.5,491.3,508.8,10176.0,1272.0
undocumented,2,es,12.5,39.5,1047.4,1086.9,21738.0,2717.2
citizen,3,en,9.33,13.7,164.3,178.0,3560.0,445.0
undocumented,2,en,12.5,30.8,740.1,770.9,15418.0,1927.2
DACA,3,en,13.0,20.4,499.7,520.1,10402.0,1300.2
undocumented,4,en,10.5,28.9,726.9,755.8,15116.0,1889.5
DACA,1,en,7.0,14.0,491.9,505.9,10118.0,1264.8
DACA,1,es,14.0,34.9,761.7,796.6,15932.0,1991.5
undocumented,1,en,7.0,20.8,721.1,741.9,14838.0,1854.8
undocumented,2,en,15.0,27.7,749.2,776.9,15538.0,1942.2
DACA,4,es,12.75,29.0,701.5,730.5,14610.0,1826.2
DACA,4,es,10.5,19.0,698.5,717.5,14350.0,1793.8
undocumented,2,en,13.0,34.3,757.8,792.1,15842.0,1980.2
undocumented,3,en,9.33,28.1,726.1,754.2,15084.0,1885.5
citizen,1,en,7.0,4.4,265.4,269.8,5396.0,674.5
permanent_resident,1,es,18.0,27.7,467.0,494.7,9894.0,1236.8
DACA,3,es,13.0,33.8,689.7,723.5,14470.0,1808.8
permanent_resident,4,es,12.75,26.0,485.5,511.5,10230.0,1278.8
DACA,5,es,12.0,30.1,671.6,701.7,14034.0,1754.2
citizen,3,en,13.0,17.0,207.6,224.6,4492.0,561.5
undocumented,2,es,11.5,30.2,1068.1,1098.3,21966.0,2745.8
undocumented,4,en,13.25,31.3,719.9,751.2,15024.0,1878.0
citizen,3,en,13.0,15.1,291.8,306.9,6138.0,767.2
permanent_resident,5,es,12.0,20.7,463.8,484.5,9690.0,1211.2
DACA,3,es,11.67,22.7,689.1,711.8,14236.0,1779.5
permanent_resident,3,es,13.0,22.5,500.5,523.0,10460.0,1307.5
DACA,1,es,9.0,23.7,686.2,709.9,14198.0,1774.8
undocumented,2,es,12.5,37.7,1001.7,1039.4,20788.0,2598.5
undocumented,3,en,12.33,43.0,800.3,843.3,16866.0,2108.2
citizen,2,en,13.5,8.7,192.3,201.0,4020.0,502.5
citizen,2,en,8.0,9.4,265.2,274.6,5492.0,686.5
citizen,1,en,14.0,14.2,265.8,280.0,5600.0,700.0
undocumented,3,en,13.0,34.9,718.1,753.0,15060.0,1882.5
undocumented,5,es,12.0,36.6,973.2,1009.8,20196.0,2524.5
undocumented,3,es,11.33,36.2,1038.0,1074.2,21484.0,2685.5
citizen,4,es,12.75,20.3,350.7,371.0,7420.0,927.5
undocumented,1,es,18.0,49.0,1074.5,1123.5,22470.0,2808.8
DACA,2,es,13.5,40.2,711.3,751.5,15030.0,1878.8
DACA,1,es,14.0,31.8,725.5,757.3,15146.0,1893.2
undocumented,5,en,12.0,25.6,785.5,811.1,16222.0,2027.8
DACA,1,en,7.0,17.0,474.2,491.2,9824.0,1228.0
DACA,4,es,12.0,27.7,721.6,749.3,14986.0,1873.2
undocumented,1,es,14.0,40.9,1016.8,1057.7,21154.0,2644.2
DACA,5,en,12.0,21.4,504.3,525.7,10514.0,1314.2
permanent_resident,4,en,11.5,15.0,352.2,367.2,7344.0,918.0
citizen,4,en,10.5,12.6,284.7,297.3,5946.0,743.2
citizen,1,es,18.0,20.1,379.3,399.4,7988.0,998.5
DACA,3,es,11.67,20.3,717.1,737.4,14748.0,1843.5
DACA,1,es,12.0,38.2,693.5,731.7,14634.0,1829.2
undocumented,3,en,14.67,33.3,750.9,784.2,15684.0,1960.5
permanent_resident,2,es,8.0,16.1,481.7,497.8,9956.0,1244.5
permanent_resident,5,en,12.0,13.8,336.2,350.0,7000.0,875.0
citizen,3,es,13.0,19.5,370.1,389.6,7792.0,974.0
permanent_resident,5,en,12.0,14.6,330.8,345.4,6908.0,863.5
permanent_resident,2,en,10.5,11.9,344.9,356.8,7136.0,892.0
DACA,4,es,11.5,28.8,712.1,740.9,14818.0,1852.2
undocumented,2,en,12.5,29.3,768.8,798.1,15962.0,1995.2
undocumented,1,es,12.0,36.0,1036.7,1072.7,21454.0,2681.8
DACA,1,es,14.0,31.4,680.1,711.5,14230.0,1778.8
permanent_resident,5,es,12.0,24.6,374.4,399.0,7980.0,997.5
citizen,5,es,12.0,19.0,406.6,425.6,8512.0,1064.0
permanent_resident,3,es,11.33,18.9,478.8,497.7,9954.0,1244.2
DACA,1,es,18.0,40.2,713.0,753.2,15064.0,1883.0
DACA,4,es,12.0,28.4,685.6,714.0,14280.0,1785.0
DACA,5,es,12.0,31.9,677.3,709.2,14184.0,1773.0
citizen,2,es,15.0,23.7,396.9,420.6,8412.0,1051.5
permanent_resident,4,es,13.25,28.3,490.8,519.1,10382.0,1297.8
DACA,2,es,13.0,28.8,709.7,738.5,14770.0,1846.2
citizen,4,es,13.25,18.0,387.2,405.2,8104.0,1013.0
undocumented,5,es,12.0,36.4,1042.6,1079.0,21580.0,2697.5
citizen,2,es,16.0,23.4,381.3,404.7,8094.0,1011.8
permanent_resident,5,en,12.0,16.5,320.8,337.3,6746.0,843.2
undocumented,1,es,7.0,23.0,1020.7,1043.7,20874.0,2609.2
undocumented,3,en,11.33,33.0,720.1,753.1,15062.0,1882.8
undocumented,1,es,18.0,41.6,1055.7,1097.3,21946.0,2743.2
citizen,3,en,9.33,11.2,251.7,262.9,5258.0,657.2
undocumented,2,en,12.5,29.7,663.6,693.3,13866.0,1733.2
citizen,1,es,18.0,23.3,387.9,411.2,8224.0,1028.0
DACA,2,es,12.5,31.3,722.6,753.9,15078.0,1884.8
permanent_resident,3,es,13.0,24.8,477.9,502.7,10054.0,1256.8
permanent_resident,3,es,13.0,26.2,491.4,517.6,10352.0,1294.0
undocumented,2,en,10.5,29.3,740.8,770.1,15402.0,1925.2
citizen,1,en,9.0,9.4,245.6,255.0,5100.0,637.5
permanent_resident,2,es,15.0,25.3,467.8,493.1,9862.0,1232.8
undocumented,5,es,12.0,36.7,1041.7,1078.4,21568.0,2696.0
undocumented,3,es,9.33,35.5,1024.6,1060.1,21202.0,2650.2
undocumented,5,en,12.0,32.6,740.1,772.7,15454.0,1931.8
DACA,3,en,13.67,22.8,519.9,542.7,10854.0,1356.8
citizen,2,es,16.0,25.1,387.4,412.5,8250.0,1031.2
undocumented,2,es,10.5,33.1,1027.0,1060.1,21202.0,2650.2
permanent_resident,1,es,18.0,23.7,473.7,497.4,9948.0,1243.5
undocumented,3,en,9.33,18.8,757.1,775.9,15518.0,1939.8
citizen,4,es,12.0,20.8,357.4,378.2,7564.0,945.5
citizen,4,en,13.25,11.6,268.5,280.1,5602.0,700.2
DACA,2,en,16.0,25.6,427.8,453.4,9068.0,1133.5
undocumented,2,en,9.5,20.3,733.8,754.1,15082.0,1885.2
undocumented,5,es,12.0,36.5,1041.6,1078.1,21562.0,2695.2
permanent_resident,2,es,13.0,25.5,485.7,511.2,10224.0,1278.0
permanent_resident,3,es,10.0,17.5,469.0,486.5,9730.0,1216.2
permanent_resident,1,en,7.0,8.0,352.7,360.7,7214.0,901.8
undocumented,2,es,16.0,44.1,1054.4,1098.5,21970.0,2746.2
DACA,3,es,13.0,32.2,706.8,739.0,14780.0,1847.5
permanent_resident,1,en,14.0,37.8,377.0,414.8,8296.0,1037.0
DACA,2,es,9.5,26.2,708.7,734.9,14698.0,1837.2
DACA,3,es,13.0,31.4,706.9,738.3,14766.0,1845.8
undocumented,2,es,10.5,33.7,1019.5,1053.2,21064.0,2633.0
DACA,4,es,12.0,27.5,700.6,728.1,14562.0,1820.2
DACA,2,es,10.5,27.2,708.1,735.3,14706.0,1838.2
undocumented,3,en,11.67,26.1,749.3,775.4,15508.0,1938.5
undocumented,3,en,10.0,28.0,716.7,744.7,14894.0,1861.8
undocumented,2,es,15.0,43.9,1060.4,1104.3,22086.0,2760.8
undocumented,4,es,11.5,32.7,1021.4,1054.1,21082.0,2635.2
citizen,2,es,12.5,21.8,392.3,414.1,8282.0,1035.2
citizen,3,en,13.0,13.3,254.6,267.9,5358.0,669.8
DACA,3,es,14.67,34.8,713.7,748.5,14970.0,1871.2
citizen,3,en,13.0,12.4,253.8,266.2,5324.0,665.5
citizen,4,en,10.5,8.1,273.1,281.2,5624.0,703.0
citizen,2,es,15.0,26.2,442.4,468.6,9372.0,1171.5
DACA,3,es,14.67,30.1,633.4,663.5,13270.0,1658.8
citizen,2,es,12.5,22.2,368.2,390.4,7808.0,976.0
permanent_resident,3,en,12.33,17.5,348.3,365.8,7316.0,914.5
DACA,1,en,18.0,32.9,515.7,548.6,10972.0,1371.5
undocumented,1,es,7.0,26.2,1019.6,1045.8,20916.0,2614.5
DACA,3,es,9.33,25.2,706.8,732.0,14640.0,1830.0
undocumented,2,en,10.5,27.2,750.7,777.9,15558.0,1944.8
undocumented,3,en,13.67,28.3,718.2,746.5,14930.0,1866.2
citizen,2,en,11.5,15.1,255.2,270.3,5406.0,675.8
citizen,2,en,13.5,16.5,283.2,299.7,5994.0,749.2
DACA,4,en,11.5,19.4,476.9,496.3,9926.0,1240.8
DACA,2,es,15.0,38.6,708.6,747.2,14944.0,1868.0
citizen,2,en,16.0,17.3,274.2,291.5,5830.0,728.8
permanent_resident,4,en,12.0,17.3,394.8,412.1,8242.0,1030.2
undocumented,5,en,12.0,30.7,742.2,772.9,15458.0,1932.2
undocumented,3,es,14.67,48.3,1039.3,1087.6,21752.0,2719.0
permanent_resident,1,en,14.0,17.1,394.3,411.4,8228.0,1028.5
permanent_resident,2,es,11.5,21.4,480.6,502.0,10040.0,1255.0
citizen,1,es,9.0,16.0,368.0,384.0,7680.0,960.0
citizen,1,en,18.0,18.1,265.7,283.8,5676.0,709.5
permanent_resident,3,en,14.67,18.5,344.0,362.5,7250.0,906.2
permanent_resident,1,en,7.0,5.3,349.0,354.3,7086.0,885.8
permanent_resident,1,es,9.0,19.6,483.2,502.8,10056.0,1257.0
citizen,5,es,12.0,15.8,381.6,397.4,7948.0,993.5
DACA,3,es,10.0,28.0,675.3,703.3,14066.0,1758.2
undocumented,1,en,18.0,42.9,733.4,776.3,15526.0,1940.8
DACA,2,es,10.5,26.7,715.2,741.9,14838.0,1854.8
DACA,3,es,14.67,33.9,706.7,740.6,14812.0,1851.5
citizen,4,es,12.75,21.0,447.4,468.4,9368.0,1171.0
undocumented,3,en,11.0,29.1,684.1,713.2,14264.0,1783.0
citizen,3,en,12.33,11.2,260.6,271.8,5436.0,679.5
DACA,1,en,14.0,24.9,508.5,533.4,10668.0,1333.5
DACA,5,es,12.0,29.2,691.9,721.1,14422.0,1802.8
DACA,3,en,11.33,27.5,517.8,545.3,10906.0,1363.2
citizen,2,en,12.5,6.3,258.4,264.7,5294.0,661.8
DACA,4,en,10.5,16.8,533.2,550.0,11000.0,1375.0
citizen,5,en,12.0,9.0,302.3,311.3,6226.0,778.2
DACA,2,en,16.0,30.1,512.6,542.7,10854.0,1356.8
citizen,4,en,10.5,8.6,276.9,285.5,5710.0,713.8
citizen,1,en,7.0,4.2,251.3,255.5,5110.0,638.8
permanent_resident,1,es,14.0,24.9,484.3,509.2,10184.0,1273.0
undocumented,2,es,10.5,33.0,1046.5,1079.5,21590.0,2698.8
permanent_resident,2,es,8.0,19.3,503.2,522.5,10450.0,1306.2
DACA,2,es,15.0,34.9,699.6,734.5,14690.0,1836.2
citizen,1,en,14.0,12.8,250.3,263.1,5262.0,657.8
citizen,5,en,12.0,17.5,265.0,282.5,5650.0,706.2
DACA,1,es,9.0,1.6,717.3,718.9,14378.0,1797.2
permanent_resident,4,es,12.0,18.7,465.0,483.7,9674.0,1209.2
citizen,2,en,13.0,15.0,267.2,282.2,5644.0,705.5
permanent_resident,3,es,11.33,21.8,498.6,520.4,10408.0,1301.0
permanent_resident,3,en,13.0,16.8,348.9,365.7,7314.0,914.2
undocumented,1,es,12.0,34.1,1017.4,1051.5,21030.0,2628.8
citizen,3,en,11.0,1.0,269.1,270.1,5402.0,675.2
citizen,2,es,12.5,3.5,413.1,416.6,8332.0,1041.5
undocumented,3,es,11.67,37.3,1031.1,1068.4,21368.0,2671.0
undocumented,2,es,13.0,41.2,1069.5,1110.7,22214.0,2776.8
DACA,3,en,13.0,25.1,584.1,609.2,12184.0,1523.0
DACA,3,en,9.33,14.2,487.5,501.7,10034.0,1254.2
permanent_resident,1,es,18.0,35.4,459.4,494.8,9896.0,1237.0
undocumented,2,en,10.5,22.8,788.8,811.6,16232.0,2029.0
undocumented,3,en,14.67,38.5,745.6,784.1,15682.0,1960.2
permanent_resident,1,es,18.0,51.0,498.7,549.7,10994.0,1374.2
permanent_resident,2,en,10.5,15.1,333.0,348.1,6962.0,870.2
permanent_resident,2,en,10.5,23.2,323.9,347.1,6942.0,867.8
undocumented,1,en,14.0,34.9,750.1,785.0,15700.0,1962.5
DACA,5,es,12.0,31.2,682.7,713.9,14278.0,1784.8
permanent_resident,3,en,13.0,17.4,349.1,366.5,7330.0,916.2
citizen,1,en,12.0,7.2,258.3,265.5,5310.0,663.8
permanent_resident,1,es,18.0,29.5,512.2,541.7,10834.0,1354.2
permanent_resident,1,en,18.0,24.0,354.9,378.9,7578.0,947.2
citizen,4,en,13.25,12.8,256.1,268.9,5378.0,672.2
undocumented,1,en,12.0,31.6,754.3,785.9,15718.0,1964.8
permanent_resident,4,en,12.75,19.7,320.9,340.6,6812.0,851.5
DACA,2,en,16.0,26.8,496.4,523.2,10464.0,1308.0
citizen,2,en,13.0,17.4,281.7,299.1,5982.0,747.8
permanent_resident,1,en,18.0,23.9,301.5,325.4,6508.0,813.5
DACA,1,es,18.0,40.5,713.5,754.0,15080.0,1885.0
citizen,5,en,12.0,13.7,241.5,255.2,5104.0,638.0
undocumented,3,en,11.67,29.2,762.8,792.0,15840.0,1980.0
permanent_resident,5,en,12.0,13.6,370.6,384.2,7684.0,960.5
citizen,3,en,12.33,14.9,267.6,282.5,5650.0,706.2
permanent_resident,2,es,15.0,26.7,481.1,507.8,10156.0,1269.5
undocumented,3,es,13.0,37.3,1042.4,1079.7,21594.0,2699.2
permanent_resident,1,es,9.0,18.9,469.5,488.4,9768.0,1221.0
DACA,3,en,13.0,19.0,535.6,554.6,11092.0,1386.5
permanent_resident,2,en,10.5,14.6,367.7,382.3,7646.0,955.8
permanent_resident,5,es,12.0,23.0,479.1,502.1,10042.0,1255.2
citizen,2,es,11.5,21.9,376.8,398.7,7974.0,996.8
permanent_resident,3,es,10.0,19.0,504.2,523.2,10464.0,1308.0
undocumented,3,en,9.33,21.4,788.0,809.4,16188.0,2023.5
undocumented,2,en,10.5,23.9,744.1,768.0,15360.0,1920.0
permanent_resident,5,en,12.0,14.5,342.8,357.3,7146.0,893.2
citizen,2,es,12.5,21.7,371.6,393.3,7866.0,983.2
citizen,3,en,11.0,11.2,284.9,296.1,5922.0,740.2
permanent_resident,5,es,12.0,21.2,491.8,513.0,10260.0,1282.5
citizen,2,en,9.5,7.0,249.6,256.6,5132.0,641.5
undocumented,1,en,9.0,22.8,758.2,781.0,15620.0,1952.5
permanent_resident,3,es,9.33,20.0,468.4,488.4,9768.0,1221.0
permanent_resident,2,es,12.5,26.2,457.5,483.7,9674.0,1209.2
citizen,2,en,10.5,10.1,258.8,268.9,5378.0,672.2
undocumented,2,es,15.0,42.7,1043.5,1086.2,21724.0,2715.5
DACA,4,en,11.5,19.7,520.3,540.0,10800.0,1350.0
permanent_resident,5,es,12.0,13.6,502.0,515.6,10312.0,1289.0
DACA,2,en,15.0,28.7,578.7,607.4,12148.0,1518.5
citizen,1,es,18.0,25.0,342.3,367.3,7346.0,918.2
undocumented,5,es,12.0,38.2,1041.6,1079.8,21596.0,2699.5
citizen,3,en,14.67,16.4,259.2,275.6,5512.0,689.0
citizen,1,en,7.0,5.6,253.7,259.3,5186.0,648.2
undocumented,3,en,11.0,29.4,761.1,790.5,15810.0,1976.2
permanent_resident,2,es,8.0,23.4,483.3,506.7,10134.0,1266.8
citizen,2,es,11.5,18.4,298.8,317.2,6344.0,793.0
undocumented,2,es,11.5,25.9,1013.0,1038.9,20778.0,2597.2
DACA,4,es,12.0,25.6,710.1,735.7,14714.0,1839.2
undocumented,3,en,11.0,26.8,730.4,757.2,15144.0,1893.0
permanent_resident,2,en,11.5,13.7,358.0,371.7,7434.0,929.2
citizen,5,es,12.0,17.5,369.2,386.7,7734.0,966.8
permanent_resident,4,es,11.5,24.4,488.0,512.4,10248.0,1281.0
citizen,3,en,13.0,11.9,259.5,271.4,5428.0,678.5
undocumented,2,es,13.5,42.3,1088.7,1131.0,22620.0,2827.5
citizen,2,en,12.5,10.4,249.2,259.6,5192.0,649.0
permanent_resident,4,en,13.25,18.3,334.5,352.8,7056.0,882.0
undocumented,3,es,13.67,42.6,1026.3,1068.9,21378.0,2672.2
undocumented,5,en,12.0,32.8,741.7,774.5,15490.0,1936.2
undocumented,1,en,14.0,25.3,767.0,792.3,15846.0,1980.8
undocumented,2,es,16.0,48.0,1014.1,1062.1,21242.0,2655.2
undocumented,3,es,11.67,37.3,1024.1,1061.4,21228.0,2653.5
DACA,1,es,14.0,36.6,710.6,747.2,14944.0,1868.0
permanent_resident,3,en,11.33,5.7,335.3,341.0,6820.0,852.5
DACA,3,en,11.33,19.0,541.7,560.7,11214.0,1401.8
permanent_resident,2,es,8.0,17.5,467.2,484.7,9694.0,1211.8
permanent_resident,1,es,18.0,33.9,457.0,490.9,9818.0,1227.2
citizen,5,en,12.0,12.7,268.8,281.5,5630.0,703.8
permanent_resident,2,es,12.5,25.2,484.9,510.1,10202.0,1275.2
citizen,5,en,12.0,12.9,263.6,276.5,5530.0,691.2
DACA,5,es,12.0,15.9,708.0,723.9,14478.0,1809.8
permanent_resident,1,es,12.0,25.7,454.2,479.9,9598.0,1199.8
citizen,1,es,7.0,16.2,393.5,409.7,8194.0,1024.2
permanent_resident,2,es,10.5,22.9,404.5,427.4,8548.0,1068.5
DACA,1,es,14.0,36.2,700.9,737.1,14742.0,1842.8
DACA,5,en,12.0,21.7,525.1,546.8,10936.0,1367.0
permanent_resident,3,en,9.33,12.1,330.4,342.5,6850.0,856.2
undocumented,3,en,12.33,29.8,762.5,792.3,15846.0,1980.8
undocumented,1,es,18.0,51.9,1063.2,1115.1,22302.0,2787.8
permanent_resident,2,en,11.5,14.9,341.2,356.1,7122.0,890.2
undocumented,3,en,13.0,32.9,716.3,749.2,14984.0,1873.0
citizen,2,en,11.5,10.2,279.1,289.3,5786.0,723.2
permanent_resident,1,es,12.0,22.4,475.4,497.8,9956.0,1244.5
DACA,1,en,18.0,35.0,497.7,532.7,10654.0,1331.8
citizen,4,en,10.5,14.4,266.5,280.9,5618.0,702.2
citizen,1,es,18.0,23.8,375.5,399.3,7986.0,998.2
DACA,4,en,10.5,18.9,521.9,540.8,10816.0,1352.0
permanent_resident,3,es,11.33,27.6,459.3,486.9,9738.0,1217.2
DACA,4,es,11.5,31.0,703.0,734.0,14680.0,1835.0
citizen,5,en,12.0,21.2,285.0,306.2,6124.0,765.5
permanent_resident,1,es,9.0,18.1,490.8,508.9,10178.0,1272.2
permanent_resident,5,es,12.0,25.9,473.4,499.3,9986.0,1248.2
undocumented,3,en,11.67,30.2,755.9,786.1,15722.0,1965.2
undocumented,3,en,10.0,23.4,739.6,763.0,15260.0,1907.5
DACA,1,en,7.0,14.8,491.0,505.8,10116.0,1264.5
undocumented,4,es,12.75,42.7,1003.3,1046.0,20920.0,2615.0
undocumented,3,en,9.33,22.2,747.5,769.7,15394.0,1924.2
DACA,3,en,10.0,24.3,483.3,507.6,10152.0,1269.0
DACA,3,en,12.33,25.5,515.3,540.8,10816.0,1352.0
undocumented,4,en,12.75,28.9,757.2,786.1,15722.0,1965.2
DACA,1,en,9.0,14.8,516.3,531.1,10622.0,1327.8
permanent_resident,2,es,11.5,27.8,488.2,516.0,10320.0,1290.0
DACA,2,es,15.0,37.2,691.4,728.6,14572.0,1821.5
citizen,3,es,11.0,20.1,380.3,400.4,8008.0,1001.0
citizen,3,es,9.33,16.7,381.9,398.6,7972.0,996.5
DACA,2,en,10.5,17.6,493.8,511.4,10228.0,1278.5
DACA,3,en,13.0,22.3,505.4,527.7,10554.0,1319.2
DACA,3,en,13.0,21.4,581.4,602.8,12056.0,1507.0
permanent_resident,3,en,13.0,16.4,360.7,377.1,7542.0,942.8
DACA,3,en,14.67,27.1,461.9,489.0,9780.0,1222.5
permanent_resident,1,en,7.0,7.1,345.3,352.4,7048.0,881.0
DACA,4,en,13.25,23.9,501.5,525.4,10508.0,1313.5
permanent_resident,1,es,12.0,22.3,492.2,514.5,10290.0,1286.2
DACA,2,en,13.0,23.4,544.2,567.6,11352.0,1419.0
citizen,5,en,12.0,11.7,232.4,244.1,4882.0,610.2
undocumented,5,es,12.0,38.2,1041.7,1079.9,21598.0,2699.8
permanent_resident,1,es,14.0,20.9,463.1,484.0,9680.0,1210.0
DACA,3,es,13.0,21.1,694.8,715.9,14318.0,1789.8
undocumented,5,en,12.0,24.8,726.9,751.7,15034.0,1879.2
citizen,3,es,11.33,18.7,357.8,376.5,7530.0,941.2
citizen,3,en,11.33,13.7,267.0,280.7,5614.0,701.8
DACA,5,en,12.0,19.4,444.3,463.7,9274.0,1159.2
citizen,3,es,14.67,24.2,357.8,382.0,7640.0,955.0
citizen,4,es,11.5,17.2,372.5,389.7,7794.0,974.2
citizen,3,es,11.67,19.9,375.0,394.9,7898.0,987.2
permanent_resident,3,es,14.67,28.7,469.1,497.8,9956.0,1244.5
permanent_resident,2,es,10.5,22.8,468.6,491.4,9828.0,1228.5
DACA,5,es,12.0,31.3,624.3,655.6,13112.0,1639.0
citizen,2,es,10.5,21.4,376.1,397.5,7950.0,993.8
DACA,3,es,11.0,28.4,689.4,717.8,14356.0,1794.5
undocumented,2,en,10.5,23.9,759.7,783.6,15672.0,1959.0
permanent_resident,1,es,14.0,22.1,489.8,511.9,10238.0,1279.8
citizen,5,es,12.0,21.4,365.9,387.3,7746.0,968.2
citizen,5,en,12.0,25.9,284.0,309.9,6198.0,774.8
citizen,2,es,8.0,14.7,370.0,384.7,7694.0,961.8
permanent_resident,2,es,16.0,27.7,369.2,396.9,7938.0,992.2
permanent_resident,4,es,13.25,22.5,511.0,533.5,10670.0,1333.8
undocumented,1,es,9.0,30.0,1044.6,1074.6,21492.0,2686.5
DACA,3,es,13.0,30.8,696.7,727.5,14550.0,1818.8
undocumented,2,en,9.5,19.6,734.6,754.2,15084.0,1885.5
citizen,5,es,12.0,16.3,393.8,410.1,8202.0,1025.2
DACA,1,es,12.0,24.7,712.2,736.9,14738.0,1842.2
DACA,3,en,11.33,21.0,497.9,518.9,10378.0,1297.2
citizen,2,en,10.5,9.0,285.6,294.6,5892.0,736.5
permanent_resident,3,es,9.33,19.3,485.4,504.7,10094.0,1261.8
DACA,3,es,11.67,30.8,697.6,728.4,14568.0,1821.0
undocumented,3,es,12.33,33.5,1027.9,1061.4,21228.0,2653.5
undocumented,5,es,12.0,37.3,1033.3,1070.6,21412.0,2676.5
citizen,1,en,14.0,12.0,278.0,290.0,5800.0,725.0
DACA,1,es,12.0,36.1,718.8,754.9,15098.0,1887.2
undocumented,5,es,12.0,35.0,1101.7,1136.7,22734.0,2841.8
citizen,1,en,9.0,13.3,223.8,237.1,4742.0,592.8
citizen,4,en,12.75,12.0,263.4,275.4,5508.0,688.5
DACA,3,es,9.33,21.9,676.9,698.8,13976.0,1747.0
citizen,3,es,11.33,14.7,370.1,384.8,7696.0,962.0
DACA,3,en,13.67,25.3,508.0,533.3,10666.0,1333.2
citizen,3,es,12.33,18.1,407.8,425.9,8518.0,1064.8
DACA,2,es,10.5,26.0,686.6,712.6,14252.0,1781.5
DACA,5,en,12.0,20.4,514.6,535.0,10700.0,1337.5
citizen,5,es,12.0,20.3,379.9,400.2,8004.0,1000.5
permanent_resident,3,es,11.67,22.2,481.3,503.5,10070.0,1258.8
citizen,4,es,13.25,24.4,382.9,407.3,8146.0,1018.2
permanent_resident,2,en,10.5,10.7,290.2,300.9,6018.0,752.2
DACA,1,es,7.0,39.6,702.4,742.0,14840.0,1855.0
permanent_resident,2,es,9.5,29.3,508.4,537.7,10754.0,1344.2
citizen,1,es,12.0,18.7,351.4,370.1,7402.0,925.2
undocumented,2,en,16.0,41.8,759.1,800.9,16018.0,2002.2
citizen,4,en,13.25,15.2,243.9,259.1,5182.0,647.8
citizen,4,en,11.5,26.0,277.8,303.8,6076.0,759.5
citizen,2,en,11.5,7.6,280.2,287.8,5756.0,719.5
undocumented,5,en,12.0,26.0,738.7,764.7,15294.0,1911.8
permanent_resident,3,es,14.67,27.1,475.4,502.5,10050.0,1256.2
undocumented,3,es,14.67,47.5,1135.0,1182.5,23650.0,2956.2
permanent_resident,2,en,11.5,12.0,322.6,334.6,6692.0,836.5
citizen,3,en,13.67,17.3,254.9,272.2,5444.0,680.5
permanent_resident,1,en,12.0,16.1,340.7,356.8,7136.0,892.0
citizen,3,en,11.33,15.5,266.6,282.1,5642.0,705.2
permanent_resident,3,en,13.0,14.9,356.2,371.1,7422.0,927.8
permanent_resident,2,es,8.0,19.3,499.2,518.5,10370.0,1296.2
undocumented,5,es,12.0,40.7,1034.9,1075.6,21512.0,2689.0
permanent_resident,4,en,11.5,17.8,372.2,390.0,7800.0,975.0
undocumented,1,en,12.0,25.4,727.2,752.6,15052.0,1881.5
permanent_resident,1,es,18.0,34.4,483.6,518.0,10360.0,1295.0
undocumented,5,es,12.0,45.6,1031.1,1076.7,21534.0,2691.8
citizen,3,es,10.0,20.1,357.6,377.7,7554.0,944.2
DACA,4,en,13.25,28.8,513.1,541.9,10838.0,1354.8
DACA,5,es,12.0,27.0,686.4,713.4,14268.0,1783.5
citizen,4,en,12.0,12.1,227.3,239.4,4788.0,598.5
DACA,3,en,11.0,25.5,503.0,528.5,10570.0,1321.2
citizen,3,es,13.0,22.1,382.9,405.0,8100.0,1012.5
permanent_resident,1,en,9.0,14.1,379.5,393.6,7872.0,984.0
DACA,5,es,12.0,32.0,703.8,735.8,14716.0,1839.5
DACA,2,en,10.5,28.1,505.2,533.3,10666.0,1333.2
citizen,2,es,11.5,23.2,360.2,383.4,7668.0,958.5
undocumented,1,es,9.0,42.9,1002.0,1044.9,20898.0,2612.2
permanent_resident,1,en,12.0,21.9,367.3,389.2,7784.0,973.0
DACA,5,es,12.0,41.8,720.8,762.6,15252.0,1906.5
citizen,4,en,12.75,11.9,279.8,291.7,5834.0,729.2
undocumented,1,en,14.0,30.7,600.5,631.2,12624.0,1578.0
undocumented,5,es,12.0,34.8,1073.1,1107.9,22158.0,2769.8
permanent_resident,3,en,14.67,17.5,356.4,373.9,7478.0,934.8
undocumented,5,en,12.0,29.4,722.3,751.7,15034.0,1879.2
permanent_resident,3,en,13.0,17.8,335.5,353.3,7066.0,883.2
undocumented,5,en,12.0,32.1,738.3,770.4,15408.0,1926.0
DACA,3,es,10.0,26.5,682.4,708.9,14178.0,1772.2
DACA,1,es,7.0,20.4,722.9,743.3,14866.0,1858.2
undocumented,4,es,13.25,38.3,1057.6,1095.9,21918.0,2739.8
citizen,5,es,12.0,17.6,475.5,493.1,9862.0,1232.8
permanent_resident,4,en,12.75,16.7,357.1,373.8,7476.0,934.5
DACA,3,es,12.33,29.5,772.9,802.4,16048.0,2006.0
DACA,1,en,18.0,32.4,484.5,516.9,10338.0,1292.2
undocumented,1,en,9.0,18.4,731.1,749.5,14990.0,1873.8
DACA,1,es,12.0,32.9,708.1,741.0,14820.0,1852.5
permanent_resident,4,en,12.0,18.5,402.5,421.0,8420.0,1052.5
DACA,2,es,16.0,32.7,704.1,736.8,14736.0,1842.0
permanent_resident,5,es,12.0,21.3,478.0,499.3,9986.0,1248.2
undocumented,3,es,11.0,27.6,1041.3,1068.9,21378.0,2672.2
undocumented,2,es,8.0,29.7,1013.6,1043.3,20866.0,2608.2
DACA,5,en,12.0,20.9,502.3,523.2,10464.0,1308.0
citizen,5,es,12.0,20.6,381.9,402.5,8050.0,1006.2
citizen,1,es,9.0,17.3,402.5,419.8,8396.0,1049.5
undocumented,4,en,12.75,29.1,755.4,784.5,15690.0,1961.2
DACA,4,en,13.25,25.6,468.0,493.6,9872.0,1234.0
DACA,4,es,11.5,31.2,706.8,738.0,14760.0,1845.0
citizen,3,es,13.0,20.7,452.2,472.9,9458.0,1182.2
DACA,3,es,11.67,29.2,709.1,738.3,14766.0,1845.8
citizen,3,en,13.0,11.8,279.6,291.4,5828.0,728.5
DACA,5,en,12.0,14.9,506.0,520.9,10418.0,1302.2
permanent_resident,5,es,12.0,24.6,466.5,491.1,9822.0,1227.8
citizen,5,en,12.0,6.7,284.1,290.8,5816.0,727.0
permanent_resident,3,en,11.33,1.0,312.5,313.5,6270.0,783.8
undocumented,1,es,12.0,39.2,1048.1,1087.3,21746.0,2718.2
undocumented,5,en,12.0,32.9,741.6,774.5,15490.0,1936.2
citizen,2,es,10.5,18.0,347.8,365.8,7316.0,914.5
DACA,3,en,11.67,26.1,503.2,529.3,10586.0,1323.2
citizen,3,en,13.67,16.2,252.7,268.9,5378.0,672.2
DACA,2,en,13.5,23.0,497.4,520.4,10408.0,1301.0
permanent_resident,2,en,16.0,19.8,315.0,334.8,6696.0,837.0
DACA,2,en,10.5,25.4,492.8,518.2,10364.0,1295.5
citizen,2,en,8.0,10.2,258.7,268.9,5378.0,672.2
citizen,3,es,13.0,17.9,384.2,402.1,8042.0,1005.2
citizen,1,en,7.0,7.4,277.3,284.7,5694.0,711.8
permanent_resident,1,en,9.0,12.0,351.5,363.5,7270.0,908.8
undocumented,3,es,10.0,29.0,1040.4,1069.4,21388.0,2673.5
permanent_resident,1,en,18.0,25.6,373.5,399.1,7982.0,997.8
permanent_resident,5,en,12.0,16.5,376.7,393.2,7864.0,983.0
undocumented,3,en,10.0,31.0,767.2,798.2,15964.0,1995.5
citizen,1,es,9.0,17.1,251.4,268.5,5370.0,671.2
DACA,1,en,14.0,25.2,561.6,586.8,11736.0,1467.0
permanent_resident,3,en,11.67,13.3,338.9,352.2,7044.0,880.5
citizen,1,en,14.0,18.2,268.2,286.4,5728.0,716.0
permanent_resident,1,en,14.0,18.1,357.6,375.7,7514.0,939.2
undocumented,3,en,13.0,32.8,740.3,773.1,15462.0,1932.8
undocumented,5,es,12.0,36.3,1041.6,1077.9,21558.0,2694.8
DACA,4,en,10.5,16.7,496.2,512.9,10258.0,1282.2
citizen,1,en,9.0,8.8,260.5,269.3,5386.0,673.2
DACA,1,en,12.0,18.1,504.7,522.8,10456.0,1307.0
permanent_resident,3,es,12.33,22.6,465.2,487.8,9756.0,1219.5
undocumented,2,en,16.0,39.1,730.4,769.5,15390.0,1923.8
DACA,3,es,11.0,26.0,706.7,732.7,14654.0,1831.8
citizen,4,es,12.0,20.3,364.6,384.9,7698.0,962.2
citizen,3,en,14.67,21.6,299.9,321.5,6430.0,803.8
undocumented,2,es,12.5,42.1,1081.4,1123.5,22470.0,2808.8
permanent_resident,3,es,11.33,27.5,480.9,508.4,10168.0,1271.0
DACA,2,es,15.0,45.0,732.8,777.8,15556.0,1944.5
citizen,4,es,10.5,22.1,372.1,394.2,7884.0,985.5
permanent_resident,1,en,9.0,8.6,364.4,373.0,7460.0,932.5
citizen,2,es,16.0,30.4,352.4,382.8,7656.0,957.0
DACA,3,es,12.33,34.9,693.4,728.3,14566.0,1820.8
undocumented,1,en,14.0,34.5,726.8,761.3,15226.0,1903.2
citizen,2,en,13.5,16.1,287.7,303.8,6076.0,759.5
undocumented,4,en,13.25,36.0,745.6,781.6,15632.0,1954.0
permanent_resident,4,en,12.75,10.4,340.0,350.4,7008.0,876.0
undocumented,1,es,7.0,24.4,1031.4,1055.8,21116.0,2639.5
undocumented,1,en,12.0,28.0,737.5,765.5,15310.0,1913.8
DACA,5,es,12.0,30.2,731.9,762.1,15242.0,1905.2
permanent_resident,4,en,10.5,16.1,326.4,342.5,6850.0,856.2
DACA,2,es,10.5,26.6,703.7,730.3,14606.0,1825.8
DACA,1,en,12.0,21.4,514.2,535.6,10712.0,1339.0
citizen,1,es,9.0,20.2,381.9,402.1,8042.0,1005.2
citizen,1,en,18.0,16.0,261.7,277.7,5554.0,694.2
DACA,4,en,12.75,24.0,491.8,515.8,10316.0,1289.5
permanent_resident,5,en,12.0,19.8,250.0,269.8,5396.0,674.5
undocumented,5,en,12.0,27.0,735.7,762.7,15254.0,1906.8
permanent_resident,1,es,9.0,20.0,476.9,496.9,9938.0,1242.2
undocumented,2,es,16.0,49.0,1053.3,1102.3,22046.0,2755.8
citizen,2,en,13.0,12.8,263.6,276.4,5528.0,691.0
citizen,5,en,12.0,12.7,275.1,287.8,5756.0,719.5
permanent_resident,2,en,13.5,17.3,327.2,344.5,6890.0,861.2
DACA,3,en,10.0,16.9,510.7,527.6,10552.0,1319.0
undocumented,4,es,12.75,39.4,1045.9,1085.3,21706.0,2713.2
DACA,1,en,9.0,13.0,540.4,553.4,11068.0,1383.5
undocumented,1,en,18.0,40.4,731.9,772.3,15446.0,1930.8
permanent_resident,2,en,10.5,7.4,350.1,357.5,7150.0,893.8
permanent_resident,1,es,14.0,24.2,482.5,506.7,10134.0,1266.8
citizen,3,en,13.0,3.4,272.5,275.9,5518.0,689.8
DACA,3,es,14.67,30.7,696.5,727.2,14544.0,1818.0
DACA,4,es,13.25,31.4,665.0,696.4,13928.0,1741.0
DACA,1,en,12.0,21.9,523.2,545.1,10902.0,1362.8
DACA,1,es,9.0,22.7,709.3,732.0,14640.0,1830.0
citizen,5,en,12.0,9.3,258.2,267.5,5350.0,668.8
